序号,股票代码,股票简称,报告名称,东财评级,机构,近一月个股研报数,2026-盈利预测-收益,2026-盈利预测-市盈率,2027-盈利预测-收益,2027-盈利预测-市盈率,2028-盈利预测-收益,2028-盈利预测-市盈率,行业,日期,报告PDF链接
1,600519,贵州茅台,公司事件点评报告：i茅台持续发力，改革效果初显,买入,华鑫证券,18,68.71,20.2,73.01,19.0,78.25,17.7,白酒Ⅱ,2026-05-05,https://pdf.dfcfw.com/pdf/H3_AP202605051821970230_1.pdf
2,600519,贵州茅台,点评报告：业绩稳健增长，直销收入首次超越代理渠道,增持,万联证券,18,68.83,20.39,74.75,18.77,80.44,17.44,白酒Ⅱ,2026-04-29,https://pdf.dfcfw.com/pdf/H3_AP202604291821727471_1.pdf
3,600519,贵州茅台,公司信息更新报告：大单品放量价稳，触底信号明确,买入,开源证券,18,68.02,21.4,71.6,20.4,74.56,19.6,白酒Ⅱ,2026-04-28,https://pdf.dfcfw.com/pdf/H3_AP202604281821686501_1.pdf
4,600519,贵州茅台,渠道重构落地，改革初现成效,买入,山西证券,18,68.19,21.4,71.7,20.3,75.27,19.4,白酒Ⅱ,2026-04-28,https://pdf.dfcfw.com/pdf/H3_AP202604281821665969_1.pdf
5,600519,贵州茅台,收入利润双稳增符合预期，i茅台放量显著,买入,中邮证券,18,68.16,21.4,72.64,20.08,79.8,18.28,白酒Ⅱ,2026-04-28,https://pdf.dfcfw.com/pdf/H3_AP202604281821660055_1.pdf
6,600519,贵州茅台,2026年一季报点评：茅台酒稳健，系列酒重拾增长,买入,西南证券,18,70.67,19.86,76.93,18.24,85.06,16.5,白酒Ⅱ,2026-04-28,https://pdf.dfcfw.com/pdf/H3_AP202604281821659552_1.pdf
7,600519,贵州茅台,转型初见成效，i茅台收入大幅增长,持有,群益证券,18,68.91,20.0,71.98,19.0,74.83,19.0,白酒Ⅱ,2026-04-28,https://pdf.dfcfw.com/pdf/H3_AP202604281821658363_1.pdf
8,600519,贵州茅台,i茅台大放异彩，2026年稳健开局,买入,中银证券,18,68.1,20.7,72.5,19.4,78.3,18.0,白酒Ⅱ,2026-04-27,https://pdf.dfcfw.com/pdf/H3_AP202604271821598041_1.pdf
9,600519,贵州茅台,2026Q1收入稳健增长，市场化改革成效逐步显现,增持,国信证券,18,67.06,21.7,71.46,20.4,77.99,18.7,白酒Ⅱ,2026-04-27,https://pdf.dfcfw.com/pdf/H3_AP202604271821597817_1.pdf
10,600519,贵州茅台,改革成效凸显，i茅台放量激增,买入,信达证券,18,67.12,21.73,70.16,20.79,73.12,19.95,白酒Ⅱ,2026-04-26,https://pdf.dfcfw.com/pdf/H3_AP202604261821593789_1.pdf
11,600519,贵州茅台,2026年一季报点评：锐意改革全面2C，强势开局确立企稳,买入,东吴证券,18,67.91,21.48,71.92,20.28,74.33,19.62,白酒Ⅱ,2026-04-26,https://pdf.dfcfw.com/pdf/H3_AP202604261821593674_1.pdf
12,600519,贵州茅台,业绩符合预期，市场化改革成效斐然,买入,国金证券,18,67.383,21.6,71.401,20.4,75.908,19.2,白酒Ⅱ,2026-04-26,https://pdf.dfcfw.com/pdf/H3_AP202604261821586283_1.pdf
13,600519,贵州茅台,2025年年报点评：茅台酒增速放缓，系列酒全年显著承压,买入,西南证券,18,70.67,19.96,76.93,18.34,85.06,16.59,白酒Ⅱ,2026-04-23,https://pdf.dfcfw.com/pdf/H3_AP202604231821488125_1.pdf
14,600519,贵州茅台,卸下包袱，着眼长期健康发展，2026年开启新篇章,买入,中银证券,18,68.1,20.7,72.5,19.4,78.3,18.0,白酒Ⅱ,2026-04-22,https://pdf.dfcfw.com/pdf/H3_AP202604221821432233_1.pdf
15,600519,贵州茅台,公司信息更新报告：主动调整释放压力，2026年改善趋势明确,买入,开源证券,18,68.02,21.5,71.6,20.4,74.56,19.6,白酒Ⅱ,2026-04-21,https://pdf.dfcfw.com/pdf/H3_AP202604211821393446_1.pdf
16,600519,贵州茅台,2025年释放经营压力，2026年改革破局,增持,国信证券,18,67.6,21.6,72.15,20.3,78.39,18.7,白酒Ⅱ,2026-04-19,https://pdf.dfcfw.com/pdf/H3_AP202604191821320244_1.pdf
17,600519,贵州茅台,面对承压，坚定改革,买入,信达证券,18,69.33,21.1,72.45,20.19,75.52,19.37,白酒Ⅱ,2026-04-17,https://pdf.dfcfw.com/pdf/H3_AP202604171821287518_1.pdf
18,600519,贵州茅台,超预期出清，市场化改革持续推进,买入,国金证券,18,68.517,21.3,72.183,20.3,76.341,19.2,白酒Ⅱ,2026-04-17,https://pdf.dfcfw.com/pdf/H3_AP202604171821286410_1.pdf
19,600519,贵州茅台,推进价格市场化改革，助力2026年稳增长,买入,中邮证券,18,74.5,19.33,80.03,17.99,,,白酒Ⅱ,2026-04-09,https://pdf.dfcfw.com/pdf/H3_AP202604091821085016_1.pdf
20,600519,贵州茅台,公司信息更新报告：提振行业信心，增强业绩保障,买入,开源证券,18,77.75,18.6,82.18,17.6,,,白酒Ⅱ,2026-04-07,https://pdf.dfcfw.com/pdf/H3_AP202604071821047878_1.pdf
21,600519,贵州茅台,淡季提价，渠道结构持续调整，市场化导向明确,买入,中银证券,18,75.8,19.3,80.93,18.0,,,白酒Ⅱ,2026-04-02,https://pdf.dfcfw.com/pdf/H3_AP202604021820980236_1.pdf
22,600519,贵州茅台,首次覆盖报告：推进市场化改革，龙头持续变革转型,买入,爱建证券,18,77.05,18.82,81.01,17.9,,,白酒Ⅱ,2026-04-01,https://pdf.dfcfw.com/pdf/H3_AP202604011820949486_1.pdf
23,600519,贵州茅台,提价点评：价格市场化改革再尝试，提价进一步增厚业绩,买入,东兴证券,18,74.65,19.02,77.91,18.23,,,白酒Ⅱ,2026-04-01,https://pdf.dfcfw.com/pdf/H3_AP202604011820942555_1.pdf
24,600519,贵州茅台,市场化改革下的价格体系重构,买入,信达证券,18,75.52,19.2,78.71,18.42,,,白酒Ⅱ,2026-03-31,https://pdf.dfcfw.com/pdf/H3_AP202603311820926225_1.pdf
25,600519,贵州茅台,飞天茅台调价，市场化改革持续推进,买入,国金证券,18,73.886,19.2,77.489,18.3,,,白酒Ⅱ,2026-03-31,https://pdf.dfcfw.com/pdf/H3_AP202603311820890730_1.pdf
26,600519,贵州茅台,市场化转型专题：量价归位与渠道重构,买入,国金证券,18,73.886,19.6,77.489,18.6,,,白酒Ⅱ,2026-03-23,https://pdf.dfcfw.com/pdf/H3_AP202603231820696581_1.pdf
27,600519,贵州茅台,革故鼎新，与时偕行，再论茅台的护城河与增长潜力,增持,国信证券,18,71.26,20.5,72.78,20.1,,,白酒Ⅱ,2026-03-19,https://pdf.dfcfw.com/pdf/H3_AP202603191820648186_1.pdf
28,600519,贵州茅台,步入2C新时代，降维竞争持续成长,买入,东吴证券,18,71.98,20.29,75.05,19.46,,,白酒Ⅱ,2026-03-17,https://pdf.dfcfw.com/pdf/H3_AP202603171820594543_1.pdf
29,600519,贵州茅台,营销改革复盘专题：笃行不怠，臻于至善,买入,东吴证券,18,71.98,20.01,75.05,19.19,,,白酒Ⅱ,2026-03-03,https://pdf.dfcfw.com/pdf/H3_AP202603031820234429_1.pdf
30,600519,贵州茅台,经营拐点已至，白酒消费新常态强者恒强,买入,华源证券,18,77.85,18.69,84.02,17.32,,,白酒Ⅱ,2026-03-02,https://pdf.dfcfw.com/pdf/H3_AP202603021820195976_1.pdf
31,600519,贵州茅台,市场化运营方案披露，产品渠道运营全方位改革,买入,中邮证券,18,74.47,18.77,79.32,17.63,,,白酒Ⅱ,2026-01-15,https://pdf.dfcfw.com/pdf/H3_AP202601151817046347_1.pdf
32,600519,贵州茅台,2026年推进市场化改革，i茅台春节前加大投放,持有,群益证券,18,74.05,19.0,78.94,18.0,,,白酒Ⅱ,2026-01-09,https://pdf.dfcfw.com/pdf/H3_AP202601091816872559_1.pdf
33,600519,贵州茅台,全面推进市场化转型，解决供需适配问题,增持,国信证券,18,72.04,19.1,73.07,18.8,,,白酒Ⅱ,2026-01-05,https://pdf.dfcfw.com/pdf/H3_AP202601051815430375_1.pdf
34,600519,贵州茅台,2026加速营销转型，多元渠道构建更进一步,买入,东吴证券,18,72.7,19.12,74.17,18.74,,,白酒Ⅱ,2025-12-31,https://pdf.dfcfw.com/pdf/H3_AP202512311811788626_1.pdf
35,600519,贵州茅台,量价调控思路清晰，长期韧性值得信赖,买入,东吴证券,18,72.7,19.54,74.17,19.15,,,白酒Ⅱ,2025-12-14,https://pdf.dfcfw.com/pdf/H3_AP202512141800352882_1.pdf
36,600519,贵州茅台,股东大会强调高质量发展，聚焦渠道稳定性，稳步推进改革,买入,中银证券,18,75.8,18.7,80.93,17.5,,,白酒Ⅱ,2025-12-09,https://pdf.dfcfw.com/pdf/H3_AP202512091796958027_1.pdf
37,600519,贵州茅台,事件点评：多措并举，彰显龙头担当,买入,东莞证券,18,76.74,18.51,81.94,17.33,,,白酒Ⅱ,2025-11-06,https://pdf.dfcfw.com/pdf/H3_AP202511061776269653_1.pdf
38,600519,贵州茅台,收入保持韧性，底部价值凸显,买入,东兴证券,18,75.32,18.97,79.61,17.95,,,白酒Ⅱ,2025-11-05,https://pdf.dfcfw.com/pdf/H3_AP202511051775664554_1.pdf
39,600519,贵州茅台,公司事件点评报告：释放渠道压力，主动降速保障良性经营,买入,华鑫证券,18,77.08,18.5,82.35,17.4,,,白酒Ⅱ,2025-11-05,https://pdf.dfcfw.com/pdf/H3_AP202511051775482920_1.pdf
40,600519,贵州茅台,营收利润基本符合预期，静待需求改善,买入,中邮证券,18,76.53,18.75,82.0,17.5,,,白酒Ⅱ,2025-11-05,https://pdf.dfcfw.com/pdf/H3_AP202511051775482877_1.pdf
41,600519,贵州茅台,经销贡献收入，期待需求逐步改善,买入,山西证券,18,77.71,18.4,84.01,17.0,,,白酒Ⅱ,2025-11-05,https://pdf.dfcfw.com/pdf/H3_AP202511051775448346_1.pdf
42,600519,贵州茅台,2025年三季报点评：外部需求疲软，Q3收入环比降速,买入,西南证券,18,78.4,18.24,84.78,16.87,,,白酒Ⅱ,2025-11-04,https://pdf.dfcfw.com/pdf/H3_AP202511041774862334_1.pdf
43,600519,贵州茅台,公司信息更新报告：三季度收入放缓，蓄力健康长远,买入,开源证券,18,77.75,18.4,82.18,17.4,,,白酒Ⅱ,2025-11-03,https://pdf.dfcfw.com/pdf/H3_AP202511031774433107_1.pdf
44,600519,贵州茅台,贵州茅台25Q3点评：顺应市场，行稳致远,买入,华安证券,18,75.71,18.89,80.84,17.69,,,白酒Ⅱ,2025-11-02,https://pdf.dfcfw.com/pdf/H3_AP202511021773747364_1.pdf
45,600519,贵州茅台,贵州茅台：Q3主动降速，奠定健康发展基石,增持,太平洋,18,76.93,18.61,80.79,17.72,,,白酒Ⅱ,2025-11-02,https://pdf.dfcfw.com/pdf/H3_AP202511021773734683_1.pdf
46,600519,贵州茅台,2025年三季报点评：降速纾压 理性增长,买入,民生证券,18,76.02,19.0,80.14,18.0,,,白酒Ⅱ,2025-10-31,https://pdf.dfcfw.com/pdf/H3_AP202510311772448641_1.pdf
47,600519,贵州茅台,点评报告：三季度茅台酒稳健增长，系列酒承压,增持,万联证券,18,80.61,17.76,87.95,16.28,,,白酒Ⅱ,2025-10-31,https://pdf.dfcfw.com/pdf/H3_AP202510311772357609_1.pdf
48,600519,贵州茅台,2025年三季报点评：结构压力逐步释放，费效管控边际加强,买入,东吴证券,18,74.47,19.23,77.43,18.49,,,白酒Ⅱ,2025-10-31,https://pdf.dfcfw.com/pdf/H3_AP202510311772173861_1.pdf
49,600519,贵州茅台,2025Q3收入同比持平，经营理性务实、行稳致远,增持,国信证券,18,75.79,18.9,80.02,17.9,,,白酒Ⅱ,2025-10-30,https://pdf.dfcfw.com/pdf/H3_AP202510301771950370_1.pdf
50,600519,贵州茅台,2025年三季报点评：务实降速，蓄力前行,买入,东莞证券,18,76.74,18.66,81.94,17.47,,,白酒Ⅱ,2025-10-30,https://pdf.dfcfw.com/pdf/H3_AP202510301771942998_1.pdf
51,600519,贵州茅台,务实降速，坚韧前行,买入,信达证券,18,75.83,18.88,79.74,17.96,,,白酒Ⅱ,2025-10-30,https://pdf.dfcfw.com/pdf/H3_AP202510301771915534_1.pdf
52,600519,贵州茅台,茅台酒稳健，Q3业绩降速,持有,群益证券,18,78.46,18.0,84.56,17.0,,,白酒Ⅱ,2025-10-30,https://pdf.dfcfw.com/pdf/H3_AP202510301771840990_1.pdf
53,600519,贵州茅台,理性降速，关注龙头底部价值,买入,国金证券,18,76.032,18.8,79.951,17.9,,,白酒Ⅱ,2025-10-30,https://pdf.dfcfw.com/pdf/H3_AP202510301771723396_1.pdf
54,600519,贵州茅台,点评报告：茅台酒韧性强而系列酒承压，直销渠道增速亮眼,增持,万联证券,18,81.81,17.58,89.27,16.11,,,白酒Ⅱ,2025-08-19,https://pdf.dfcfw.com/pdf/H3_AP202508191730583378_1.pdf
55,600519,贵州茅台,2季度业绩环比降速，公司主动调整纾压，经营节奏稳健,买入,中银证券,18,78.2,18.3,83.2,17.2,,,白酒Ⅱ,2025-08-19,https://pdf.dfcfw.com/pdf/H3_AP202508191730474627_1.pdf
56,600519,贵州茅台,2025年中报点评：25H1收入平稳增长，谋求长期高质量发展,买入,西南证券,18,81.1,17.51,87.63,16.21,,,白酒Ⅱ,2025-08-18,https://pdf.dfcfw.com/pdf/H3_AP202508181729725661_1.pdf
57,600519,贵州茅台,龙头业绩稳健，全年目标完成可期,买入,东兴证券,18,82.18,17.28,90.76,15.65,,,白酒Ⅱ,2025-08-14,https://pdf.dfcfw.com/pdf/H3_AP202508141727543712_1.pdf
58,600519,贵州茅台,2025年半年报点评：增速降档适配需求 茅台酒韧性凸显,买入,民生证券,18,82.0,17.0,88.87,16.0,,,白酒Ⅱ,2025-08-14,https://pdf.dfcfw.com/pdf/H3_AP202508141727511430_1.pdf
59,600519,贵州茅台,贵州茅台：业绩符合预期，茅台酒表现稳健,增持,太平洋,18,82.48,17.42,89.6,16.04,,,白酒Ⅱ,2025-08-14,https://pdf.dfcfw.com/pdf/H3_AP202508141727373469_1.pdf
60,600519,贵州茅台,贵州茅台2025年中报点评：茅台高端地位稳固，中端白酒竞争激烈,买入,诚通证券,18,81.18,17.5,85.02,16.7,,,白酒Ⅱ,2025-08-14,https://pdf.dfcfw.com/pdf/H3_AP202508141727213129_1.pdf
61,600519,贵州茅台,营收利润符合预期，经营韧性突显,买入,中邮证券,18,82.76,17.36,91.61,15.69,,,白酒Ⅱ,2025-08-13,https://pdf.dfcfw.com/pdf/H3_AP202508131726910836_1.pdf
62,600519,贵州茅台,2025Q2收入同比增长9.2%，公司根据市场调整产品结构,增持,国信证券,18,76.9,18.7,81.35,17.7,,,白酒Ⅱ,2025-08-13,https://pdf.dfcfw.com/pdf/H3_AP202508131726808000_1.pdf
63,600519,贵州茅台,公司事件点评报告：定海神针稳，时间换空间,买入,华鑫证券,18,81.16,17.7,87.68,16.4,,,白酒Ⅱ,2025-08-13,https://pdf.dfcfw.com/pdf/H3_AP202508131726805378_1.pdf
64,600519,贵州茅台,贵州茅台2025Q2点评：经营触底相对稳健,买入,华安证券,18,81.22,17.48,86.83,16.35,,,白酒Ⅱ,2025-08-13,https://pdf.dfcfw.com/pdf/H3_AP202508131726788214_1.pdf
65,600519,贵州茅台,迎难而上求变，完成既定任务,买入,信达证券,18,79.7,18.03,84.49,17.01,,,白酒Ⅱ,2025-08-13,https://pdf.dfcfw.com/pdf/H3_AP202508131726773018_1.pdf
66,600519,贵州茅台,25H1净利润同比增9%，彰显经营韧性,持有,群益证券,18,82.34,17.0,89.28,16.0,,,白酒Ⅱ,2025-08-13,https://pdf.dfcfw.com/pdf/H3_AP202508131726696204_1.pdf
67,600519,贵州茅台,2025年半年报点评：业绩稳健增长，彰显龙头韧性,买入,东莞证券,18,79.76,18.02,84.82,16.94,,,白酒Ⅱ,2025-08-13,https://pdf.dfcfw.com/pdf/H3_AP202508131726640878_1.pdf
68,600519,贵州茅台,2025年中报点评：茅台酒节奏稳健，系列酒边际承压,买入,东吴证券,18,76.85,18.7,81.99,17.53,,,白酒Ⅱ,2025-08-13,https://pdf.dfcfw.com/pdf/H3_AP202508131726585171_1.pdf
69,600519,贵州茅台,Q2业绩稳步兑现，看好龙头配置价值,买入,国金证券,18,78.674,18.3,83.882,17.1,,,白酒Ⅱ,2025-08-13,https://pdf.dfcfw.com/pdf/H3_AP202508131726572620_1.pdf
70,600519,贵州茅台,销售公司完成上半年经营任务，转变思路，提升服务质量,持有,群益证券,18,82.34,17.0,89.35,16.0,,,白酒Ⅱ,2025-07-09,https://pdf.dfcfw.com/pdf/H3_AP202507091705661665_1.pdf
71,600519,贵州茅台,2024年股东大会点评：韧性生长，价值升维,买入,第一上海证券,18,82.4,19.1,89.7,17.5,,,白酒Ⅱ,2025-05-26,https://pdf.dfcfw.com/pdf/H3_AP202505261679487019_1.pdf
72,600519,贵州茅台,理性务实，保持定力,买入,东吴证券,18,80.35,19.66,87.79,18.0,,,白酒Ⅱ,2025-05-22,https://pdf.dfcfw.com/pdf/H3_AP202505221677340556_1.pdf
73,600519,贵州茅台,2025Q1业绩稳健，优化考核激发经销商积极性,持有,群益证券,18,82.75,19.0,89.66,17.0,,,白酒Ⅱ,2025-05-07,https://pdf.dfcfw.com/pdf/H3_AP202505071668792551_1.pdf
74,600519,贵州茅台,收入利润略超预期，全年有望实现稳健增长,买入,中邮证券,18,82.76,18.69,91.61,16.89,,,白酒Ⅱ,2025-05-06,https://pdf.dfcfw.com/pdf/H3_AP202505061668324484_1.pdf
75,600519,贵州茅台,公司信息更新报告：收入业绩略超预期，彰显龙头韧性,买入,开源证券,18,84.27,18.3,91.07,17.0,,,白酒Ⅱ,2025-05-05,https://pdf.dfcfw.com/pdf/H3_AP202505051667877544_1.pdf
76,600519,贵州茅台,25Q1收入双位数成长，顺利实现开门红,买入,西南证券,18,,,,,,,白酒Ⅱ,2025-05-03,https://pdf.dfcfw.com/pdf/H3_AP202505031666819165_1.pdf
77,600519,贵州茅台,公司事件点评报告：业绩略超预期，彰显龙头韧性,买入,华鑫证券,18,81.66,18.9,88.0,17.6,,,白酒Ⅱ,2025-05-02,https://pdf.dfcfw.com/pdf/H3_AP202505021666135464_1.pdf
78,600519,贵州茅台,2025Q1收入同比增长10.7%，销售收现表现较好,增持,国信证券,18,81.81,18.9,88.9,17.4,,,白酒Ⅱ,2025-04-30,https://pdf.dfcfw.com/pdf/H3_AP202504301665075075_1.pdf
79,600519,贵州茅台,2025年一季报点评：顺利实现开门红，增长势能延续,买入,东莞证券,18,81.57,18.93,88.9,17.37,,,白酒Ⅱ,2025-04-30,https://pdf.dfcfw.com/pdf/H3_AP202504301665013040_1.pdf
80,600519,贵州茅台,Q1业绩超预期，龙头持续变革转型,买入,国金证券,18,,,,,,,白酒Ⅱ,2025-04-30,https://pdf.dfcfw.com/pdf/H3_AP202504301664934272_1.pdf
81,600519,贵州茅台,2025年一季报点评：节奏得当，开局顺利,买入,东吴证券,18,80.35,19.21,87.79,17.59,,,白酒Ⅱ,2025-04-30,https://pdf.dfcfw.com/pdf/H3_AP202504301664885537_1.pdf
82,600519,贵州茅台,抢抓开门红，同心谋转型,买入,信达证券,18,81.94,18.84,89.25,17.3,,,白酒Ⅱ,2025-04-30,https://pdf.dfcfw.com/pdf/H3_AP202504301664882465_1.pdf
83,600519,贵州茅台,公司简评报告：2024年圆满收官，2025年扎实前行,买入,东海证券,18,81.65,19.1,87.66,17.79,,,白酒Ⅱ,2025-04-17,https://pdf.dfcfw.com/pdf/H3_AP202504171657796397_1.pdf
84,600519,贵州茅台,2024年报业绩点评报告：2024业绩稳健增长，2025目标营收增速9%,增持,华龙证券,18,80.86,19.4,88.39,17.8,,,酿酒行业,2025-04-15,https://pdf.dfcfw.com/pdf/H3_AP202504151656917820_1.pdf
85,600519,贵州茅台,贵州茅台2024年年报点评：2025年稳健前行，双轮驱动优化产品结构,买入,诚通证券,18,80.43,19.3,86.63,17.9,,,白酒Ⅱ,2025-04-14,https://pdf.dfcfw.com/pdf/H3_AP202504141656311629_1.pdf
86,600519,贵州茅台,营收利润符合预期，25年目标锚定高个位数,买入,中邮证券,18,82.76,18.96,91.61,17.13,,,白酒Ⅱ,2025-04-14,https://pdf.dfcfw.com/pdf/H3_AP202504141656293072_1.pdf
87,600519,贵州茅台,改革成效显现，24年圆满收官，25年夯实基础目标制定稳健务实,买入,中银证券,18,81.2,19.0,88.4,17.4,,,白酒Ⅱ,2025-04-10,https://pdf.dfcfw.com/pdf/H3_AP202504101653981561_1.pdf
88,600519,贵州茅台,点评报告：业绩稳增长，茅台酒和批发渠道增速亮眼,增持,万联证券,18,81.81,18.89,89.27,17.31,,,白酒Ⅱ,2025-04-09,https://pdf.dfcfw.com/pdf/H3_AP202504091653825725_1.pdf
89,600519,贵州茅台,24年完满收官，25年迎接新挑战,买入,东兴证券,18,83.18,18.03,92.12,16.28,,,白酒Ⅱ,2025-04-09,https://pdf.dfcfw.com/pdf/H3_AP202504091653812100_1.pdf
90,600519,贵州茅台,2024年报点评：24年顺利达成目标，25年定调稳健增长,买入,西南证券,18,82.68,18.98,90.24,17.39,,,白酒Ⅱ,2025-04-07,https://pdf.dfcfw.com/pdf/H3_AP202504071652752054_1.pdf
91,600519,贵州茅台,公司信息更新报告：2024年营收利润高增，2025年定调合理积极,买入,开源证券,18,84.27,18.6,91.07,17.2,,,白酒Ⅱ,2025-04-07,https://pdf.dfcfw.com/pdf/H3_AP202504071652733434_1.pdf
92,600519,贵州茅台,公司事件点评报告：2024年圆满收官，2025年稳健增长,买入,华鑫证券,18,81.66,19.2,88.0,17.8,,,白酒Ⅱ,2025-04-06,https://pdf.dfcfw.com/pdf/H3_AP202504051651914192_1.pdf
93,600519,贵州茅台,贵州茅台：2024年顺利收官，2025年理性增长行稳致远,买入,太平洋,18,82.99,18.66,90.25,17.16,,,白酒Ⅱ,2025-04-06,https://pdf.dfcfw.com/pdf/H3_AP202504041651464813_1.pdf
94,600519,贵州茅台,2024年年报点评：平稳收官彰显韧性25年目标营收增速9%,买入,民生证券,18,,,,,,,白酒Ⅱ,2025-04-05,https://pdf.dfcfw.com/pdf/H3_AP202504051651855360_1.pdf
95,600519,贵州茅台,2024年稳健收官，2025年目标收入增长9%,增持,国信证券,18,81.81,18.9,88.9,17.4,,,白酒Ⅱ,2025-04-03,https://pdf.dfcfw.com/pdf/H3_AP202504031650881953_1.pdf
96,600519,贵州茅台,2024年报点评：平稳兑现，目标积极,买入,东吴证券,18,80.35,19.28,87.79,17.65,,,白酒Ⅱ,2025-04-03,https://pdf.dfcfw.com/pdf/H3_AP202504031650850404_1.pdf
97,600519,贵州茅台,贵州茅台2024年报点评：顺利收官，目标理性,买入,华安证券,18,81.26,19.06,86.87,17.83,,,白酒Ⅱ,2025-04-03,https://pdf.dfcfw.com/pdf/H3_AP202504031650826748_1.pdf
98,600519,贵州茅台,适应需求变化，巩固发展根基,买入,信达证券,18,81.93,18.91,89.24,17.36,,,白酒Ⅱ,2025-04-03,https://pdf.dfcfw.com/pdf/H3_AP202504031650817218_1.pdf
99,600519,贵州茅台,24年业绩平稳兑现，稳健配置首选,买入,国金证券,18,,,,,,,白酒Ⅱ,2025-04-03,https://pdf.dfcfw.com/pdf/H3_AP202504031650735630_1.pdf
100,600519,贵州茅台,2025年目标务实，加速转型,持有,群益证券,18,82.75,19.0,89.79,17.0,,,白酒Ⅱ,2025-04-03,https://pdf.dfcfw.com/pdf/H3_AP202504031650726545_1.pdf
101,600519,贵州茅台,2024年年报点评：2024年圆满收官，彰显经营韧性,买入,东莞证券,18,,,,,,,白酒Ⅱ,2025-04-03,https://pdf.dfcfw.com/pdf/H3_AP202504031650726542_1.pdf
102,600519,贵州茅台,24年顺利收官，看好25年公司经营稳定增长,买入,东兴证券,18,91.21,15.49,,,,,白酒Ⅱ,2025-02-07,https://pdf.dfcfw.com/pdf/H3_AP202502071642864898_1.pdf
103,600519,贵州茅台,公司事件点评报告：茅台集团高质增长，目标稳中有进,买入,华鑫证券,18,79.65,18.5,,,,,白酒Ⅱ,2025-01-16,https://pdf.dfcfw.com/pdf/H3_AP202501161641947418_1.pdf
104,600519,贵州茅台,2024年圆满收官，2025年聚力转型发展,买入,中银证券,18,81.19,17.7,,,,,白酒Ⅱ,2025-01-07,https://pdf.dfcfw.com/pdf/H3_AP202501071641837036_1.pdf
105,600519,贵州茅台,24年顺利完成目标，25年聚焦供需适配,买入,西南证券,18,83.14,17.74,,,,,白酒Ⅱ,2025-01-06,https://pdf.dfcfw.com/pdf/H3_AP202501061641816389_1.pdf
106,600519,贵州茅台,2024年收入增长约15%，2025年经营目标理性务实,增持,国信证券,18,79.87,18.6,,,,,白酒Ⅱ,2025-01-05,https://pdf.dfcfw.com/pdf/H3_AP202501051641811877_1.pdf
107,600519,贵州茅台,贵州茅台24Q4预告：24年圆满收官,买入,华安证券,18,,,,,,,白酒Ⅱ,2025-01-05,https://pdf.dfcfw.com/pdf/H3_AP202501041641810995_1.pdf
108,600519,贵州茅台,顺利收官，2025着力“供需适配”,买入,中邮证券,18,81.56,18.25,,,,,白酒Ⅱ,2025-01-03,https://pdf.dfcfw.com/pdf/H3_AP202501031641800043_1.pdf
109,600519,贵州茅台,全年目标稳健兑现，多产品均衡发力,买入,东吴证券,18,79.06,18.82,,,,,白酒Ⅱ,2025-01-03,https://pdf.dfcfw.com/pdf/H3_AP202501031641608456_1.pdf
110,600519,贵州茅台,2024年生产经营情况点评：顺利收官，蓄力前行,买入,东莞证券,18,82.58,18.02,,,,,白酒Ⅱ,2025-01-03,https://pdf.dfcfw.com/pdf/H3_AP202501031641573183_1.pdf
111,600519,贵州茅台,公司事件点评报告：圆满收官，彰显韧性,买入,华鑫证券,18,79.65,18.7,,,,,白酒Ⅱ,2025-01-03,https://pdf.dfcfw.com/pdf/H3_AP202501031641521587_1.pdf
112,600519,贵州茅台,顺利完成目标，转型促进发展,买入,信达证券,18,80.71,18.44,,,,,白酒Ⅱ,2025-01-03,https://pdf.dfcfw.com/pdf/H3_AP202501021641518958_1.pdf
113,600519,贵州茅台,公司事件点评报告：转型推动供需适配，调整投放平衡渠道,买入,华鑫证券,18,79.71,19.1,,,,,白酒Ⅱ,2024-12-31,https://pdf.dfcfw.com/pdf/H3_AP202412311641487388_1.pdf
114,600519,贵州茅台,2025年经销商大会：聚力转型发展，深化市场导向,买入,东吴证券,18,79.51,19.23,,,,,白酒Ⅱ,2024-12-29,https://pdf.dfcfw.com/pdf/H3_AP202412291641463266_1.pdf
115,600519,贵州茅台,动态更新报告：渠道协同 稳中求进,买入,民生证券,18,83.73,18.0,,,,,白酒Ⅱ,2024-12-28,https://pdf.dfcfw.com/pdf/H3_AP202412281641461859_1.pdf
116,600519,贵州茅台,持续加强消费者层面的触达和转化，国际化思路清晰,增持,国信证券,18,81.41,18.7,,,,,白酒Ⅱ,2024-12-01,https://pdf.dfcfw.com/pdf/H3_AP202412011641130347_1.pdf
117,600519,贵州茅台,股东回报持续完善，适配供需运筹决胜,买入,东吴证券,18,80.26,18.93,,,,,白酒Ⅱ,2024-11-28,https://pdf.dfcfw.com/pdf/H3_AP202411281641103748_1.pdf
118,600519,贵州茅台,公司事件点评报告：渠道深度多元化，六大体系国际化,买入,华鑫证券,18,79.71,19.1,,,,,白酒Ⅱ,2024-11-28,https://pdf.dfcfw.com/pdf/H3_AP202411281641100483_1.pdf
119,600519,贵州茅台,公司深度报告：国酒飘香恒久远，定海神针风向标,买入,华鑫证券,18,79.71,18.9,,,,,白酒Ⅱ,2024-11-24,https://pdf.dfcfw.com/pdf/H3_AP202411231641041501_1.pdf
120,600519,贵州茅台,贵州茅台2024年三季报点评：主动控量助力企业稳健发展,买入,诚通证券,18,84.65,19.5,,,,,白酒Ⅱ,2024-11-12,https://pdf.dfcfw.com/pdf/H3_AP202411121640833820_1.pdf
121,600519,贵州茅台,中期分红发布，静待政策催化需求改善,买入,第一上海证券,18,84.4,19.1,,,,,白酒Ⅱ,2024-11-11,https://pdf.dfcfw.com/pdf/H3_AP202411111640809570_1.pdf
122,600519,贵州茅台,事件点评：中期分红落地，重视股东回报,买入,东莞证券,18,84.14,19.13,,,,,白酒Ⅱ,2024-11-11,https://pdf.dfcfw.com/pdf/H3_AP202411111640809247_1.pdf
123,600519,贵州茅台,公司事件点评报告：中期分红方案发布，利润分配持续兑现,买入,华鑫证券,18,90.68,17.8,,,,,白酒Ⅱ,2024-11-10,https://pdf.dfcfw.com/pdf/H3_AP202411091640803858_1.pdf
124,600519,贵州茅台,公司简评报告：Q3业绩符合预期，经营延续稳健,买入,东海证券,18,85.3,18.15,,,,,白酒Ⅱ,2024-11-04,https://pdf.dfcfw.com/pdf/H3_AP202411041640705904_1.pdf
125,600519,贵州茅台,点评报告：Q3业绩保持稳增长，茅台酒增长亮眼,增持,万联证券,18,92.51,16.56,,,,,白酒Ⅱ,2024-10-30,https://pdf.dfcfw.com/pdf/H3_AP202410301640590785_1.pdf
126,600519,贵州茅台,公司信息更新报告：锚定全年目标，业绩平稳符合预期,买入,开源证券,18,87.78,17.8,,,,,酿酒行业,2024-10-29,https://pdf.dfcfw.com/pdf/H3_AP202410291640582093_1.pdf
127,600519,贵州茅台,2024年三季报点评：业绩符合预期，延续稳健增长,买入,西南证券,18,84.72,18.4,,,,,白酒Ⅱ,2024-10-29,https://pdf.dfcfw.com/pdf/H3_AP202410291640559965_1.pdf
128,600519,贵州茅台,贵州茅台2024年三季报点评：Q3业绩增13%，茅台酒增长稳健,买入,国元证券,18,87.78,17.76,,,,,白酒Ⅱ,2024-10-29,https://pdf.dfcfw.com/pdf/H3_AP202410291640557377_1.pdf
129,600519,贵州茅台,3季度业绩稳健增长，2024年目标业绩有望顺利实现,买入,中银证券,18,82.4,18.9,,,,,白酒Ⅱ,2024-10-28,https://pdf.dfcfw.com/pdf/H3_AP202410281640551666_1.pdf
130,600519,贵州茅台,前三季度经营稳健，达成全年目标可期,持有,群益证券,18,86.33,18.0,,,,,白酒Ⅱ,2024-10-28,https://pdf.dfcfw.com/pdf/H3_AP202410281640533522_1.pdf
131,600519,贵州茅台,贵州茅台：业绩符合预期，全年目标有望达成,买入,太平洋,18,84.99,18.34,,,,,白酒Ⅱ,2024-10-28,https://pdf.dfcfw.com/pdf/H3_AP202410281640533282_1.pdf
132,600519,贵州茅台,第三季度茅台酒增速快于整体，全年15%收入增速可期,增持,国信证券,18,81.43,19.1,,,,,白酒Ⅱ,2024-10-28,https://pdf.dfcfw.com/pdf/H3_AP202410281640532918_1.pdf
133,600519,贵州茅台,营收利润符合预期，静待需求改善,买入,中邮证券,18,84.95,18.35,,,,,白酒Ⅱ,2024-10-28,https://pdf.dfcfw.com/pdf/H3_AP202410281640530300_1.pdf
134,600519,贵州茅台,2024年前三季度业绩点评：目标稳步兑现，优化量价统筹,买入,东吴证券,18,81.55,19.12,,,,,白酒Ⅱ,2024-10-27,https://pdf.dfcfw.com/pdf/H3_AP202410271640529302_1.pdf
135,600519,贵州茅台,贵州茅台2024Q3点评：行稳致远,买入,华安证券,18,82.03,19.0,,,,,白酒Ⅱ,2024-10-27,https://pdf.dfcfw.com/pdf/H3_AP202410271640527806_1.pdf
136,600519,贵州茅台,公司事件点评报告：业绩持续稳增长，定海神针作用强,买入,华鑫证券,18,90.68,17.2,,,,,白酒Ⅱ,2024-10-27,https://pdf.dfcfw.com/pdf/H3_AP202410261640525377_1.pdf
137,600519,贵州茅台,2024年三季报点评：Q3营收显韧性 年度目标兑现可期,买入,民生证券,18,,,,,,,白酒Ⅱ,2024-10-26,https://pdf.dfcfw.com/pdf/H3_AP202410261640525312_1.pdf
138,600519,贵州茅台,Q3业绩符合预期，稳字当头韧性强,买入,国金证券,18,,,,,,,白酒Ⅱ,2024-10-26,https://pdf.dfcfw.com/pdf/H3_AP202410261640525001_1.pdf
139,600519,贵州茅台,实施注销式回购，提振市场信心,增持,国信证券,18,86.78,14.6,,,,,白酒Ⅱ,2024-09-23,https://pdf.dfcfw.com/pdf/H3_AP202409231639978376_1.pdf
140,600519,贵州茅台,回购彰显态度，重视股东回报一以贯之,买入,东吴证券,18,83.58,15.12,,,,,白酒Ⅱ,2024-09-22,https://pdf.dfcfw.com/pdf/H3_AP202409221639974148_1.pdf
141,600519,贵州茅台,事件点评：回购提振信心，彰显龙头担当,买入,东莞证券,18,91.04,13.88,,,,,白酒Ⅱ,2024-09-22,https://pdf.dfcfw.com/pdf/H3_AP202409221639973523_1.pdf
142,600519,贵州茅台,公司事件点评报告：上市以来首次回购，提振市场信心,买入,华鑫证券,18,93.85,13.5,,,,,白酒Ⅱ,2024-09-22,https://pdf.dfcfw.com/pdf/H3_AP202409211639972601_1.pdf
143,600519,贵州茅台,首次拟回购注销，价值持续凸显,买入,国金证券,18,86.316,14.64,,,,,白酒Ⅱ,2024-09-22,https://pdf.dfcfw.com/pdf/H3_AP202409211639972569_1.pdf
144,600519,贵州茅台,收入略超预期，承诺未来三年分红重视股东回报,买入,太平洋,18,88.46,16.24,,,,,白酒Ⅱ,2024-08-15,https://pdf.dfcfw.com/pdf/H3_AP202408151639286282_1.pdf
145,600519,贵州茅台,季度业绩再超预期，分红规划彰显担当,买入,第一上海证券,18,93.4,15.3,,,,,白酒Ⅱ,2024-08-13,https://pdf.dfcfw.com/pdf/H3_AP202408131639262288_1.pdf
146,600519,贵州茅台,2024年中报业绩点评报告：系列酒增速亮眼，直销渠道占比有所下降,增持,万联证券,18,92.51,15.52,,,,,白酒Ⅱ,2024-08-13,https://pdf.dfcfw.com/pdf/H3_AP202408131639260929_1.pdf
147,600519,贵州茅台,业绩势能不减，高分红稳定市场信心,买入,东兴证券,18,90.4,15.74,,,,,白酒Ⅱ,2024-08-13,https://pdf.dfcfw.com/pdf/H3_AP202408131639258270_1.pdf
148,600519,贵州茅台,公司简评报告：业绩维持稳健，分红比例显著提升,买入,东海证券,18,92.36,15.55,,,,,白酒Ⅱ,2024-08-13,https://pdf.dfcfw.com/pdf/H3_AP202408131639254860_1.pdf
149,600519,贵州茅台,业绩略超市场预期，分红规划提振信心,买入,华金证券,18,90.19,15.9,,,,,白酒Ⅱ,2024-08-12,https://pdf.dfcfw.com/pdf/H3_AP202408121639246442_1.pdf
150,600519,贵州茅台,现金分红提振信心，2季度业绩表现稳健,买入,中银证券,18,86.9,16.5,,,,,白酒Ⅱ,2024-08-12,https://pdf.dfcfw.com/pdf/H3_AP202408121639235302_1.pdf
151,600519,贵州茅台,公司信息更新报告：业绩好于预期，分红方案诚意十足,买入,开源证券,18,97.21,14.8,,,,,白酒Ⅱ,2024-08-12,https://pdf.dfcfw.com/pdf/H3_AP202408121639233739_1.pdf
152,600519,贵州茅台,24H1收入靓丽增长，分红规划提振信心,买入,西南证券,18,91.87,15.57,,,,,白酒Ⅱ,2024-08-12,https://pdf.dfcfw.com/pdf/H3_AP202408121639233679_1.pdf
153,600519,贵州茅台,24H1业绩略超预期，分红规划提振信心,买入,山西证券,18,89.82,15.9,,,,,白酒Ⅱ,2024-08-12,https://pdf.dfcfw.com/pdf/H3_AP202408121639233068_1.pdf
154,600519,贵州茅台,营收利润均略超预期，未来三年每年分红率不低于75%,买入,中邮证券,18,84.95,16.91,,,,,白酒Ⅱ,2024-08-11,https://pdf.dfcfw.com/pdf/H3_AP202408111639232343_1.pdf
155,600519,贵州茅台,贵州茅台2024年中报点评：Q2业绩增16%，规划分红率75%,买入,国元证券,18,89.13,16.12,,,,,白酒Ⅱ,2024-08-11,https://pdf.dfcfw.com/pdf/H3_AP202408111639231195_1.pdf
156,600519,贵州茅台,第二季度收入增速稳健，分红率指引积极,增持,国信证券,18,86.78,16.5,,,,,白酒Ⅱ,2024-08-09,https://pdf.dfcfw.com/pdf/H3_AP202408091639224702_1.pdf
157,600519,贵州茅台,半年收官发展稳健，分红规划提振信心,买入,信达证券,18,93.1,15.37,,,,,白酒Ⅱ,2024-08-09,https://pdf.dfcfw.com/pdf/H3_AP202408091639215987_1.pdf
158,600519,贵州茅台,2024年中报点评：业绩稳健显韧性 分红规划塑信心,买入,民生证券,18,85.15,17.0,,,,,白酒Ⅱ,2024-08-09,https://pdf.dfcfw.com/pdf/H3_AP202408091639213628_1.pdf
159,600519,贵州茅台,贵州茅台2024Q2点评：淡季超预期，三年分红重回报,买入,华安证券,18,94.02,15.22,,,,,白酒Ⅱ,2024-08-09,https://pdf.dfcfw.com/pdf/H3_AP202408091639213432_1.pdf
160,600519,贵州茅台,H1业绩稳健，提升分红优化股东回报,增持,群益证券,18,88.14,16.0,,,,,白酒Ⅱ,2024-08-09,https://pdf.dfcfw.com/pdf/H3_AP202408091639212456_1.pdf
161,600519,贵州茅台,Q2业绩超预期，分红规划托底情绪,买入,国金证券,18,89.12,16.05,,,,,白酒Ⅱ,2024-08-09,https://pdf.dfcfw.com/pdf/H3_AP202408091639212426_1.pdf
162,600519,贵州茅台,2024年半年报点评：Q2业绩良性，品牌势能延续,买入,东莞证券,18,91.04,15.71,,,,,白酒Ⅱ,2024-08-09,https://pdf.dfcfw.com/pdf/H3_AP202408091639212421_1.pdf
163,600519,贵州茅台,公司事件点评报告：Q2业绩超预期，龙头韧性仍足,买入,华鑫证券,18,93.85,15.2,,,,,白酒Ⅱ,2024-08-09,https://pdf.dfcfw.com/pdf/H3_AP202408091639212394_1.pdf
164,600519,贵州茅台,2024H1业绩点评：提分红呵护股东回报，调渠道帮助稳定价盘,买入,东吴证券,18,84.35,16.96,,,,,白酒Ⅱ,2024-08-09,https://pdf.dfcfw.com/pdf/H3_AP202408091639212073_1.pdf
165,600519,贵州茅台,释放风险，提升价值,买入,东吴证券,18,84.35,17.67,,,,,白酒Ⅱ,2024-07-03,https://pdf.dfcfw.com/pdf/H3_AP202407031637495443_1.pdf
166,600519,贵州茅台,坚守本源，立足长远,买入,华金证券,18,96.47,17.0,,,,,白酒Ⅱ,2024-06-04,https://pdf.dfcfw.com/pdf/H3_AP202406041635372428_1.pdf
167,600519,贵州茅台,公司事件点评报告：品质第一，行稳致远,买入,华鑫证券,18,93.85,17.6,,,,,白酒Ⅱ,2024-06-02,https://pdf.dfcfw.com/pdf/H3_AP202406021635197711_1.pdf
168,600519,贵州茅台,坚持长期主义，兼顾发展质量,增持,国信证券,18,91.04,18.4,,,,,白酒Ⅱ,2024-06-02,https://pdf.dfcfw.com/pdf/H3_AP202406021635196757_1.pdf
169,600519,贵州茅台,立足长远发展，坚守五大核心,买入,信达证券,18,94.3,17.75,,,,,白酒Ⅱ,2024-05-30,https://pdf.dfcfw.com/pdf/H3_AP202405301634928825_1.pdf
170,600519,贵州茅台,一季度收入增长18%，利润率受生产节奏扰动,买入,国信证券,18,91.04,18.8,,,,,白酒Ⅱ,2024-05-06,https://pdf.dfcfw.com/pdf/H3_AP202405061632468974_1.pdf
171,600519,贵州茅台,公司信息更新报告：收入高增势头不减，市场化改革进程持续,买入,开源证券,18,97.21,17.5,,,,,白酒Ⅱ,2024-05-01,https://pdf.dfcfw.com/pdf/H3_AP202405011632177618_1.pdf
172,600519,贵州茅台,贵州茅台24年一季报点评：开门红顺利,买入,华安证券,18,94.02,18.12,,,,,白酒Ⅱ,2024-04-30,https://pdf.dfcfw.com/pdf/H3_AP202404301632101933_1.pdf
173,600519,贵州茅台,收入略超预期，一季度顺利实现开门红,买入,太平洋,18,92.94,18.39,,,,,白酒Ⅱ,2024-04-30,https://pdf.dfcfw.com/pdf/H3_AP202404301631845013_1.pdf
174,600519,贵州茅台,收入增长略超预期，经营现金流质量高,买入,第一上海证券,18,,,,,,,白酒Ⅱ,2024-04-29,https://pdf.dfcfw.com/pdf/H3_AP202404291631593834_1.pdf
175,600519,贵州茅台,1季度茅台酒和系列酒齐头并进，传统渠道占比提升,买入,中银证券,18,91.0,18.8,,,,,白酒Ⅱ,2024-04-29,https://pdf.dfcfw.com/pdf/H3_AP202404291631589275_1.pdf
176,600519,贵州茅台,2024年一季报点评：2024Q1业绩稳健增长，产品渠道均衡发展,买入,东莞证券,18,94.44,18.1,,,,,白酒Ⅱ,2024-04-29,https://pdf.dfcfw.com/pdf/H3_AP202404291631568391_1.pdf
177,600519,贵州茅台,贵州茅台2024一季报点评：韧性充足，Q1稳健增长,买入,国元证券,18,93.98,18.19,,,,,白酒Ⅱ,2024-04-29,https://pdf.dfcfw.com/pdf/H3_AP202404291631567056_1.pdf
178,600519,贵州茅台,2024年一季报点评：24Q1收入超预期，顺利实现开门红,买入,西南证券,18,94.7,18.05,,,,,白酒Ⅱ,2024-04-29,https://pdf.dfcfw.com/pdf/H3_AP202404291631565762_1.pdf
179,600519,贵州茅台,2024Q1季报点评：销售稳定兑现，着眼长期价值,买入,东吴证券,18,91.94,18.59,,,,,白酒Ⅱ,2024-04-29,https://pdf.dfcfw.com/pdf/H3_AP202404291631564500_1.pdf
180,600519,贵州茅台,Q1收入增幅超预期，龙头乘风破浪,买入,国金证券,18,,,,,,,白酒Ⅱ,2024-04-28,https://pdf.dfcfw.com/pdf/H3_AP202404281631515519_1.pdf
181,600519,贵州茅台,公司事件点评报告：收入略超预期，彰显龙头韧性,买入,华鑫证券,18,93.85,18.2,,,,,白酒Ⅱ,2024-04-28,https://pdf.dfcfw.com/pdf/H3_AP202404271631501346_1.pdf
182,600519,贵州茅台,2024年一季报点评：Q1顺利开门红，增长势头强劲,买入,民生证券,18,,,,,,,白酒Ⅱ,2024-04-27,https://pdf.dfcfw.com/pdf/H3_AP202404271631505184_1.pdf
183,600519,贵州茅台,业绩增长再超预期，24年目标稳步前行,买入,第一上海证券,18,93.2,17.7,,,,,白酒Ⅱ,2024-04-12,https://pdf.dfcfw.com/pdf/H3_AP202404121630175786_1.pdf
184,600519,贵州茅台,年报点评：业绩稳健 势能延续,买入,申港证券,18,92.17,18.03,,,,,白酒Ⅱ,2024-04-12,https://pdf.dfcfw.com/pdf/H3_AP202404121630174779_1.pdf
185,600519,贵州茅台,业绩表现优异，24年势能不减,买入,东兴证券,18,93.34,17.81,,,,,白酒Ⅱ,2024-04-11,https://pdf.dfcfw.com/pdf/H3_AP202404111630137605_1.pdf
186,600519,贵州茅台,23年靓丽收官，24年定调积极,买入,西南证券,18,94.7,18.11,,,,,白酒Ⅱ,2024-04-08,https://pdf.dfcfw.com/pdf/H3_AP202404081630054767_1.pdf
187,600519,贵州茅台,贵州茅台：业绩超预期，2024年增长信心充足,买入,太平洋,18,,,,,,,白酒Ⅱ,2024-04-08,https://pdf.dfcfw.com/pdf/H3_AP202404081630051877_1.pdf
188,600519,贵州茅台,公司信息更新报告：冲刺之年，势能不减,买入,开源证券,18,97.21,17.6,,,,,白酒Ⅱ,2024-04-07,https://pdf.dfcfw.com/pdf/H3_AP202404071630039405_1.pdf
189,600519,贵州茅台,i茅台平台和茅台1935带动营收快速增长，未来两年业绩增长确定性高,买入,中银证券,18,91.0,18.8,,,,,白酒Ⅱ,2024-04-07,https://pdf.dfcfw.com/pdf/H3_AP202404071630034354_1.pdf
190,600519,贵州茅台,贵州茅台2023年报点评：韧性强劲，量价齐升,买入,国元证券,18,93.98,18.25,,,,,白酒Ⅱ,2024-04-07,https://pdf.dfcfw.com/pdf/H3_AP202404071630032484_1.pdf
191,600519,贵州茅台,贵州茅台23年报点评：增长势能足冲刺十四五,买入,华安证券,18,94.02,18.24,,,,,白酒Ⅱ,2024-04-03,https://pdf.dfcfw.com/pdf/H3_AP202404031629807170_1.pdf
192,600519,贵州茅台,2023年营收增长18%，2024年经营目标积极,买入,国信证券,18,91.04,18.8,,,,,白酒Ⅱ,2024-04-03,https://pdf.dfcfw.com/pdf/H3_AP202404031629773538_1.pdf
193,600519,贵州茅台,2023年业绩点评报告：业绩稳增长，产品矩阵构建&渠道优化成果显效,增持,万联证券,18,94.31,18.17,,,,,白酒Ⅱ,2024-04-03,https://pdf.dfcfw.com/pdf/H3_AP202404031629713282_1.pdf
194,600519,贵州茅台,23年完成全年目标，24年发展势能可期,买入,山西证券,18,92.89,18.5,,,,,白酒Ⅱ,2024-04-03,https://pdf.dfcfw.com/pdf/H3_AP202404031629701603_1.pdf
195,600519,贵州茅台,2023年年报点评：23年靓丽收官，24年势能延续,买入,民生证券,18,93.97,18.0,,,,,白酒Ⅱ,2024-04-03,https://pdf.dfcfw.com/pdf/H3_AP202404031629691345_1.pdf
196,600519,贵州茅台,2023年年报点评：2023年再创佳绩，彰显龙头韧性,买入,东莞证券,18,94.44,18.15,,,,,白酒Ⅱ,2024-04-03,https://pdf.dfcfw.com/pdf/H3_AP202404031629690497_1.pdf
197,600519,贵州茅台,公司事件点评报告：业绩超预期，龙头引领行业信心,买入,华鑫证券,18,93.85,18.3,,,,,白酒Ⅱ,2024-04-03,https://pdf.dfcfw.com/pdf/H3_AP202404031629690041_1.pdf
198,600519,贵州茅台,量价齐升，稳健前行,增持,群益证券,18,93.52,18.0,,,,,白酒Ⅱ,2024-04-03,https://pdf.dfcfw.com/pdf/H3_AP202404031629688714_1.pdf
199,600519,贵州茅台,业绩再超预告兑现，夯实内功稳步前进,买入,国金证券,18,94.41,18.15,,,,,白酒Ⅱ,2024-04-03,https://pdf.dfcfw.com/pdf/H3_AP202404031629687842_1.pdf
200,600519,贵州茅台,2023年年报点评：巍巍巨轮，稳步前行,买入,东吴证券,18,92.79,18.47,,,,,白酒Ⅱ,2024-04-03,https://pdf.dfcfw.com/pdf/H3_AP202404031629687589_1.pdf
201,600519,贵州茅台,营收增速创新高，产品矩阵强构建,买入,信达证券,18,94.25,18.19,,,,,白酒Ⅱ,2024-04-03,https://pdf.dfcfw.com/pdf/H3_AP202404031629685986_1.pdf
202,600519,贵州茅台,价格管理能力突出，业绩增长工具充足,买入,国信证券,18,,,,,,,白酒Ⅱ,2024-03-28,https://pdf.dfcfw.com/pdf/H3_AP202403281628443967_1.pdf
203,600519,贵州茅台,23年圆满收官，24年四端齐驱,买入,华金证券,18,,,,,,,白酒Ⅱ,2024-02-01,https://pdf.dfcfw.com/pdf/H3_AP202402011620016126_1.pdf
204,600519,贵州茅台,2023年圆满收官，2024年余粮充足、增长确定,买入,中银证券,18,,,,,,,白酒Ⅱ,2024-01-03,https://pdf.dfcfw.com/pdf/H3_AP202401031616221837_1.pdf
205,600519,贵州茅台,市场导向，创新驱动,买入,信达证券,18,,,,,,,白酒Ⅱ,2024-01-02,https://pdf.dfcfw.com/pdf/H3_AP202401021615938660_1.pdf
206,600519,贵州茅台,超额兑现全年目标，新一年再前进,增持,群益证券,18,,,,,,,白酒Ⅱ,2024-01-02,https://pdf.dfcfw.com/pdf/H3_AP202401021615919455_1.pdf
207,600519,贵州茅台,2023年经营数据点评：2023年顺利收官，2024年整装待发,买入,东莞证券,18,,,,,,,白酒Ⅱ,2024-01-02,https://pdf.dfcfw.com/pdf/H3_AP202401021615917370_1.pdf
208,600519,贵州茅台,2023年顺利收官，2024年终端为王,买入,国信证券,18,,,,,,,白酒Ⅱ,2024-01-02,https://pdf.dfcfw.com/pdf/H3_AP202401021615917258_1.pdf
209,600519,贵州茅台,2023年年度经营数据公告点评：大集团一盘棋显效，高质量完成全年目标,买入,民生证券,18,,,,,,,白酒Ⅱ,2024-01-02,https://pdf.dfcfw.com/pdf/H3_AP202401011615911344_1.pdf
210,600519,贵州茅台,超目标兑现，不断创新进击的“巨人”,买入,东吴证券,18,,,,,,,白酒Ⅱ,2024-01-01,https://pdf.dfcfw.com/pdf/H3_AP202401011615905363_1.pdf
211,600519,贵州茅台,公司事件点评报告：2023年圆满收官，2024年再出发,买入,华鑫证券,18,,,,,,,白酒Ⅱ,2024-01-01,https://pdf.dfcfw.com/pdf/H3_AP202312311615848983_1.pdf
212,600519,贵州茅台,2024年必须消费首推,买入,招银国际,18,,,,,,,白酒Ⅱ,2023-12-05,https://pdf.dfcfw.com/pdf/H3_AP202312051613362193_1.pdf
213,600519,贵州茅台,再次特别分红，提振市场信心,买入,国信证券,18,,,,,,,白酒Ⅱ,2023-11-22,https://pdf.dfcfw.com/pdf/H3_AP202311221612023674_1.pdf
214,600519,贵州茅台,特别分红点评：连续特别分红开先河，全面引领高质量发展与回报,买入,东吴证券,18,,,,,,,白酒Ⅱ,2023-11-22,https://pdf.dfcfw.com/pdf/H3_AP202311221612009444_1.pdf
215,600519,贵州茅台,事件点评：再次实施特别分红，兑现发展红利,买入,民生证券,18,,,,,,,白酒Ⅱ,2023-11-21,https://pdf.dfcfw.com/pdf/H3_AP202311211611769728_1.pdf
216,600519,贵州茅台,事件点评：再次发放特别分红，彰显龙头发展韧性,买入,东莞证券,18,,,,,,,白酒Ⅱ,2023-11-21,https://pdf.dfcfw.com/pdf/H3_AP202311211611762492_1.pdf
217,600519,贵州茅台,公司事件点评报告：二次特别分红，彰显社会责任,买入,华鑫证券,18,,,,,,,白酒Ⅱ,2023-11-21,https://pdf.dfcfw.com/pdf/H3_AP202311211611756540_1.pdf
218,600519,贵州茅台,茅台再提价，边际利好再下一重城,买入,东吴证券,18,,,,,,,白酒Ⅱ,2023-11-03,https://pdf.dfcfw.com/pdf/H3_AP202311031608338278_1.pdf
219,600519,贵州茅台,余粮充足，逆势提价,买入,中银证券,18,,,,,,,白酒Ⅱ,2023-11-03,https://pdf.dfcfw.com/pdf/H3_AP202311031608330520_1.pdf
220,600519,贵州茅台,点评报告：时隔六年飞天茅台再提价，彰显龙头实力,增持,万联证券,18,,,,,,,白酒Ⅱ,2023-11-03,https://pdf.dfcfw.com/pdf/H3_AP202311031608168765_1.pdf
221,600519,贵州茅台,飞天提价落地，打开行业成长通路,买入,华安证券,18,,,,,,,白酒Ⅱ,2023-11-02,https://pdf.dfcfw.com/pdf/H3_AP202311021607913015_1.pdf
222,600519,贵州茅台,公司事件点评报告：提价终落地，步伐更从容,买入,华鑫证券,18,,,,,,,白酒Ⅱ,2023-11-02,https://pdf.dfcfw.com/pdf/H3_AP202311021607909438_1.pdf
223,600519,贵州茅台,重大事项公告点评：飞天提价，业绩增长动能充足,买入,民生证券,18,,,,,,,白酒Ⅱ,2023-11-02,https://pdf.dfcfw.com/pdf/H3_AP202311021607894943_1.pdf
224,600519,贵州茅台,价格枷锁迎突破，看好估值中枢提升,买入,国金证券,18,,,,,,,白酒Ⅱ,2023-11-01,https://pdf.dfcfw.com/pdf/H3_AP202311011607660806_1.pdf
225,600519,贵州茅台,2023年三季报点评：提价落地，增厚业绩,买入,东莞证券,18,,,,,,,白酒Ⅱ,2023-11-01,https://pdf.dfcfw.com/pdf/H3_AP202311011607632530_1.pdf
226,600519,贵州茅台,提价强化中长期经营质量，行业秩序和竞争格局改善,买入,国信证券,18,,,,,,,白酒Ⅱ,2023-11-01,https://pdf.dfcfw.com/pdf/H3_AP202311011607631062_1.pdf
227,600519,贵州茅台,飞天提价助力可持续发展，重塑行业价升逻辑,买入,中邮证券,18,,,,,,,白酒Ⅱ,2023-11-01,https://pdf.dfcfw.com/pdf/H3_AP202311011607623955_1.pdf
228,600519,贵州茅台,业绩增长稳步前行,买入,第一上海证券,18,,,,,,,白酒Ⅱ,2023-10-30,https://pdf.dfcfw.com/pdf/H3_AP202310301605650094_1.pdf
229,600519,贵州茅台,公司信息更新报告：预收款指标良好，全年目标游刃有余,买入,开源证券,18,,,,,,,白酒Ⅱ,2023-10-25,https://pdf.dfcfw.com/pdf/H3_AP202310251603463078_1.pdf
230,600519,贵州茅台,2023Q3业绩一览,,第一上海证券,18,,,,,,,白酒Ⅱ,2023-10-24,https://pdf.dfcfw.com/pdf/H3_AP202310241602906849_1.pdf
231,600519,贵州茅台,3Q rev/np +13%/16%; mixed near-term outlook,买入,招银国际,18,,,,,,,白酒Ⅱ,2023-10-24,https://pdf.dfcfw.com/pdf/H3_AP202310241602906803_1.pdf
232,600519,贵州茅台,第三季度业绩平稳增长，稳定价盘坚守长期主义,买入,国信证券,18,,,,,,,白酒Ⅱ,2023-10-24,https://pdf.dfcfw.com/pdf/H3_AP202310241602904695_1.pdf
233,600519,贵州茅台,点评报告：业绩稳健增长，渠道优化持续发力,增持,万联证券,18,,,,,,,白酒Ⅱ,2023-10-23,https://pdf.dfcfw.com/pdf/H3_AP202310231602864364_1.pdf
234,600519,贵州茅台,2023三季报点评：Q3业绩增16%，直销占比持续提升,买入,国元证券,18,,,,,,,白酒Ⅱ,2023-10-23,https://pdf.dfcfw.com/pdf/H3_AP202310231602730964_1.pdf
235,600519,贵州茅台,业绩稳健增长，彰显需求韧性,买入,山西证券,18,,,,,,,白酒Ⅱ,2023-10-23,https://pdf.dfcfw.com/pdf/H3_AP202310231602730409_1.pdf
236,600519,贵州茅台,三季度稳健，实现全年目标无虞,增持,群益证券,18,,,,,,,白酒Ⅱ,2023-10-23,https://pdf.dfcfw.com/pdf/H3_AP202310231602720127_1.pdf
237,600519,贵州茅台,2023年三季报点评：业绩稳健增长，延续高质量发展,买入,民生证券,18,,,,,,,白酒Ⅱ,2023-10-23,https://pdf.dfcfw.com/pdf/H3_AP202310231602719445_1.pdf
238,600519,贵州茅台,公司简评报告：业绩稳健增长，直销占比持续提升,买入,东海证券,18,,,,,,,白酒Ⅱ,2023-10-23,https://pdf.dfcfw.com/pdf/H3_AP202310231602719239_1.pdf
239,600519,贵州茅台,23Q3业绩符合预期，全年目标完成无虞,买入,西南证券,18,,,,,,,白酒Ⅱ,2023-10-23,https://pdf.dfcfw.com/pdf/H3_AP202310231602719152_1.pdf
240,600519,贵州茅台,Q3业绩符合预期，高质发展持续夯实,买入,国金证券,18,,,,,,,白酒Ⅱ,2023-10-23,https://pdf.dfcfw.com/pdf/H3_AP202310231602718833_1.pdf
241,600519,贵州茅台,2023年三季报点评：实力信而有征，逆势铸信心,买入,东吴证券,18,,,,,,,白酒Ⅱ,2023-10-23,https://pdf.dfcfw.com/pdf/H3_AP202310221602716498_1.pdf
242,600519,贵州茅台,业绩强韧，势能十足,买入,中邮证券,18,,,,,,,白酒Ⅱ,2023-10-23,https://pdf.dfcfw.com/pdf/H3_AP202310221602716486_1.pdf
243,600519,贵州茅台,Q3业绩整体稳定，财报质量亮眼,买入,华安证券,18,,,,,,,白酒Ⅱ,2023-10-23,https://pdf.dfcfw.com/pdf/H3_AP202310221602716458_1.pdf
244,600519,贵州茅台,3季度控制发货节奏，营收增速放缓，积极提升品牌热度,买入,中银证券,18,,,,,,,白酒Ⅱ,2023-10-23,https://pdf.dfcfw.com/pdf/H3_AP202310221602716271_1.pdf
245,600519,贵州茅台,2023年三季报点评：Q3业绩稳健增长，渠道优化稳步推进,买入,东莞证券,18,,,,,,,白酒Ⅱ,2023-10-22,https://pdf.dfcfw.com/pdf/H3_AP202310221602715866_1.pdf
246,600519,贵州茅台,锚定目标，坚定信心,买入,信达证券,18,,,,,,,白酒Ⅱ,2023-10-22,https://pdf.dfcfw.com/pdf/H3_AP202310221602715131_1.pdf
247,600519,贵州茅台,公司事件点评报告：业绩符合预期，稳增长强韧性,买入,华鑫证券,18,,,,,,,白酒Ⅱ,2023-10-22,https://pdf.dfcfw.com/pdf/H3_AP202310211602290533_1.pdf
248,600519,贵州茅台,行业压力下业绩再超预期，经营增长目标兑现性强,买入,第一上海证券,18,,,,,,,白酒Ⅱ,2023-09-05,https://pdf.dfcfw.com/pdf/H3_AP202309051597489889_1.pdf
249,600519,贵州茅台,业绩稳定增长，龙头稳健性凸显,买入,东兴证券,18,,,,,,,白酒Ⅱ,2023-08-07,https://pdf.dfcfw.com/pdf/H3_AP202308071593404213_1.pdf
250,600519,贵州茅台,公司信息更新报告：直营占比持续提升，成长空间清晰从容,买入,开源证券,18,,,,,,,白酒Ⅱ,2023-08-07,https://pdf.dfcfw.com/pdf/H3_AP202308071593400708_1.pdf
251,600519,贵州茅台,半年报点评：茅台稳如磐石 直销驱动高增,买入,申港证券,18,,,,,,,白酒Ⅱ,2023-08-07,https://pdf.dfcfw.com/pdf/H3_AP202308071593394624_1.pdf
252,600519,贵州茅台,2023中报点评：Q2业绩增21%，发展稳定性强,买入,国元证券,18,,,,,,,白酒Ⅱ,2023-08-04,https://pdf.dfcfw.com/pdf/H3_AP202308041593309453_1.pdf
253,600519,贵州茅台,业绩略超前期预告，渠道体系健康，未来增长确定性高,买入,中银证券,18,,,,,,,白酒Ⅱ,2023-08-04,https://pdf.dfcfw.com/pdf/H3_AP202308041593309439_1.pdf
254,600519,贵州茅台,业绩略超预期，经营持续向好,买入,西南证券,18,,,,,,,白酒Ⅱ,2023-08-04,https://pdf.dfcfw.com/pdf/H3_AP202308041593305134_1.pdf
255,600519,贵州茅台,点评报告：2023H1业绩超预期，全年业绩有望提速,增持,万联证券,18,,,,,,,白酒Ⅱ,2023-08-04,https://pdf.dfcfw.com/pdf/H3_AP202308041593302368_1.pdf
256,600519,贵州茅台,2023年半年报点评：直营占比持续提升，茅台酒23Q2环比提速,买入,民生证券,18,,,,,,,白酒Ⅱ,2023-08-03,https://pdf.dfcfw.com/pdf/H3_AP202308031593187156_1.pdf
257,600519,贵州茅台,大象再次起舞，抗周期能力更强,买入,信达证券,18,,,,,,,白酒Ⅱ,2023-08-03,https://pdf.dfcfw.com/pdf/H3_AP202308031593179794_1.pdf
258,600519,贵州茅台,公司简评报告：逆势提速，发展势能充足,买入,东海证券,18,,,,,,,白酒Ⅱ,2023-08-03,https://pdf.dfcfw.com/pdf/H3_AP202308031593179510_1.pdf
259,600519,贵州茅台,2023年中报点评：Q2增长双超20%，韧性凸显,买入,东吴证券,18,,,,,,,白酒Ⅱ,2023-08-03,https://pdf.dfcfw.com/pdf/H3_AP202308031593178001_1.pdf
260,600519,贵州茅台,业绩高质兑现，稳健提速势能强,买入,国金证券,18,,,,,,,白酒Ⅱ,2023-08-03,https://pdf.dfcfw.com/pdf/H3_AP202308031593176920_1.pdf
261,600519,贵州茅台,表现再超预期，龙头逆势加速增长,买入,华安证券,18,,,,,,,白酒Ⅱ,2023-08-03,https://pdf.dfcfw.com/pdf/H3_AP202308031593176910_1.pdf
262,600519,贵州茅台,公司事件点评报告：业绩略超预期，环比继续加速,买入,华鑫证券,18,,,,,,,白酒Ⅱ,2023-08-03,https://pdf.dfcfw.com/pdf/H3_AP202308031593175995_1.pdf
263,600519,贵州茅台,2Q Rev/NP +20.4/21.0% as pre-announced,买入,招银国际,18,,,,,,,白酒Ⅱ,2023-08-03,https://pdf.dfcfw.com/pdf/H3_AP202308031593174029_1.pdf
264,600519,贵州茅台,稳健不失速度，结构改善重于简单提价,买入,信达证券,18,,,,,,,白酒Ⅱ,2023-08-03,https://pdf.dfcfw.com/pdf/H3_AP202308031593173964_1.pdf
265,600519,贵州茅台,23H1收入利润稳健增长，彰显白酒龙头发展韧性,买入,山西证券,18,,,,,,,白酒Ⅱ,2023-08-03,https://pdf.dfcfw.com/pdf/H3_AP202308031593171695_1.pdf
266,600519,贵州茅台,点评报告：2023H1业绩稳健增长，龙头韧性凸显,增持,万联证券,18,,,,,,,白酒Ⅱ,2023-07-17,https://pdf.dfcfw.com/pdf/H3_AP202307171592334496_1.pdf
267,600519,贵州茅台,2Q23营收保持较快增速，品牌热度提升,买入,中银证券,18,,,,,,,白酒Ⅱ,2023-07-17,https://pdf.dfcfw.com/pdf/H3_AP202307171592330284_1.pdf
268,600519,贵州茅台,公司简评报告：茅台酒提速，发展显韧性,买入,东海证券,18,,,,,,,白酒Ⅱ,2023-07-17,https://pdf.dfcfw.com/pdf/H3_AP202307171592328574_1.pdf
269,600519,贵州茅台,收入增长靓丽，龙头定力十足,买入,西南证券,18,,,,,,,白酒Ⅱ,2023-07-17,https://pdf.dfcfw.com/pdf/H3_AP202307171592328255_1.pdf
270,600519,贵州茅台,2023年上半年主要经营数据点评：Q2业绩彰显韧性，核心产品持续发力,买入,东莞证券,18,,,,,,,白酒Ⅱ,2023-07-17,https://pdf.dfcfw.com/pdf/H3_AP202307171592324673_1.pdf
271,600519,贵州茅台,2023年上半年经营数据公告点评：业绩高增延续，茅台酒表现亮眼,买入,民生证券,18,,,,,,,白酒Ⅱ,2023-07-17,https://pdf.dfcfw.com/pdf/H3_AP202307161592323670_1.pdf
272,600519,贵州茅台,二季度业绩稳健增长，直销拓展稳步推进,买入,国信证券,18,,,,,,,白酒Ⅱ,2023-07-14,https://pdf.dfcfw.com/pdf/H3_AP202307141592273032_1.pdf
273,600519,贵州茅台,龙头显韧性，预告上半年净利润同比增18.8%,增持,群益证券,18,,,,,,,白酒Ⅱ,2023-07-14,https://pdf.dfcfw.com/pdf/H3_AP202307141592271341_1.pdf
274,600519,贵州茅台,公司事件点评报告：业绩符合预期，龙头动能持续向上,买入,华鑫证券,18,,,,,,,白酒Ⅱ,2023-07-14,https://pdf.dfcfw.com/pdf/H3_AP202307141592271220_1.pdf
275,600519,贵州茅台,Q2业绩超预期，看好龙头势能释放,买入,国金证券,18,,,,,,,白酒Ⅱ,2023-07-14,https://pdf.dfcfw.com/pdf/H3_AP202307141592268540_1.pdf
276,600519,贵州茅台,23H1主要经营数据点评：收入略超预期，龙头稳军心,买入,东吴证券,18,,,,,,,白酒Ⅱ,2023-07-14,https://pdf.dfcfw.com/pdf/H3_AP202307141592268040_1.pdf
277,600519,贵州茅台,业绩表现超预期，加速成长展现龙头势能,买入,华安证券,18,,,,,,,白酒Ⅱ,2023-07-14,https://pdf.dfcfw.com/pdf/H3_AP202307131592258023_1.pdf
278,600519,贵州茅台,渠道结构改革，茅台酒提速,买入,信达证券,18,,,,,,,白酒Ⅱ,2023-07-14,https://pdf.dfcfw.com/pdf/H3_AP202307131592258020_1.pdf
279,600519,贵州茅台,2022年度股东大会点评：向美而行，战略升级,买入,民生证券,18,,,,,,,白酒Ⅱ,2023-06-16,https://pdf.dfcfw.com/pdf/H3_AP202306161591034964_1.pdf
280,600519,贵州茅台,股东大会夯实信心，重点推荐,买入,国金证券,18,,,,,,,白酒Ⅱ,2023-06-15,https://pdf.dfcfw.com/pdf/H3_AP202306151590965412_1.pdf
281,600519,贵州茅台,2022年股东大会点评：让美更融，稳健前行,买入,东吴证券,18,,,,,,,白酒Ⅱ,2023-06-15,https://pdf.dfcfw.com/pdf/H3_AP202306151590963681_1.pdf
282,600519,贵州茅台,公司事件点评报告：产业生态布局完善，迈向国际一流企业,买入,华鑫证券,18,,,,,,,白酒Ⅱ,2023-06-14,https://pdf.dfcfw.com/pdf/H3_AP202306141590936267_1.pdf
283,600519,贵州茅台,公司动态研究报告：经营稳中有进，改革持续向前,买入,华鑫证券,18,,,,,,,白酒Ⅱ,2023-05-21,https://pdf.dfcfw.com/pdf/H3_AP202305201587032022_1.pdf
284,600519,贵州茅台,23Q1业绩超预期，引领行业景气向上,买入,西南证券,18,,,,,,,白酒Ⅱ,2023-04-29,https://pdf.dfcfw.com/pdf/H3_AP202304291586131360_1.pdf
285,600519,贵州茅台,公司信息更新报告：成长动力充足，业绩好于预期,买入,开源证券,18,,,,,,,白酒Ⅱ,2023-04-27,https://pdf.dfcfw.com/pdf/H3_AP202304271585932902_1.pdf
286,600519,贵州茅台,渠道结构继续优化，1季度开局良好,买入,中银证券,18,,,,,,,白酒Ⅱ,2023-04-27,https://pdf.dfcfw.com/pdf/H3_AP202304271585930189_1.pdf
287,600519,贵州茅台,点评报告：Q1业绩开门红，直销渠道表现优异,增持,万联证券,18,,,,,,,白酒Ⅱ,2023-04-26,https://pdf.dfcfw.com/pdf/H3_AP202304261585880163_1.pdf
288,600519,贵州茅台,23年1季报点评：龙头业绩超预期稳健，增强信心,买入,东吴证券,18,,,,,,,白酒Ⅱ,2023-04-26,https://pdf.dfcfw.com/pdf/H3_AP202304261585879630_1.pdf
289,600519,贵州茅台,一季报点评：Q1业绩增21%，直销比重逻辑强化,买入,国元证券,18,,,,,,,白酒Ⅱ,2023-04-26,https://pdf.dfcfw.com/pdf/H3_AP202304261585879537_1.pdf
290,600519,贵州茅台,23Q1实现开门红，直销占比继续提升,买入,西南证券,18,,,,,,,白酒Ⅱ,2023-04-26,https://pdf.dfcfw.com/pdf/H3_AP202304261585875457_1.pdf
291,600519,贵州茅台,公司简评报告：开门红，持续优秀,买入,东海证券,18,,,,,,,白酒Ⅱ,2023-04-26,https://pdf.dfcfw.com/pdf/H3_AP202304261585864801_1.pdf
292,600519,贵州茅台,2023年一季报点评：经营稳健，业绩超经营数据预告,买入,民生证券,18,,,,,,,白酒Ⅱ,2023-04-26,https://pdf.dfcfw.com/pdf/H3_AP202304261585864305_1.pdf
293,600519,贵州茅台,龙头高确定性，1Q实现开门红,增持,群益证券,18,,,,,,,白酒Ⅱ,2023-04-26,https://pdf.dfcfw.com/pdf/H3_AP202304261585862467_1.pdf
294,600519,贵州茅台,业绩再超预期，确定性&性价比均占优,买入,国金证券,18,,,,,,,白酒Ⅱ,2023-04-26,https://pdf.dfcfw.com/pdf/H3_AP202304261585861711_1.pdf
295,600519,贵州茅台,贵州茅台2023年一季报点评：直营增速亮眼，“i茅台”加深护城河,买入,东亚前海证券,18,,,,,,,白酒Ⅱ,2023-04-26,https://pdf.dfcfw.com/pdf/H3_AP202304261585859513_1.pdf
296,600519,贵州茅台,i茅台贡献主要增量，直销拓展是增长核心引擎,买入,国信证券,18,,,,,,,白酒Ⅱ,2023-04-26,https://pdf.dfcfw.com/pdf/H3_AP202304261585859385_1.pdf
297,600519,贵州茅台,公司事件点评报告：业绩略超预期，全年高质量,买入,华鑫证券,18,,,,,,,白酒Ⅱ,2023-04-26,https://pdf.dfcfw.com/pdf/H3_AP202304261585858165_1.pdf
298,600519,贵州茅台,龙头增长确定性明显，直营改革大步迈前,买入,华安证券,18,,,,,,,白酒Ⅱ,2023-04-26,https://pdf.dfcfw.com/pdf/H3_AP202304261585856567_1.pdf
299,600519,贵州茅台,直销贡献突出，业绩再超预期,买入,信达证券,18,,,,,,,白酒Ⅱ,2023-04-26,https://pdf.dfcfw.com/pdf/H3_AP202304261585855455_1.pdf
300,600519,贵州茅台,一季度业绩实现开门红，高质量发展延续,买入,东兴证券,18,,,,,,,白酒Ⅱ,2023-04-19,https://pdf.dfcfw.com/pdf/H3_AP202304191585584793_1.pdf
301,600519,贵州茅台,公司信息更新报告：开门红顺利实现，全年业绩确定性强,买入,开源证券,18,,,,,,,白酒Ⅱ,2023-04-19,https://pdf.dfcfw.com/pdf/H3_AP202304191585563165_1.pdf
302,600519,贵州茅台,2023年一季度经营数据点评：23Q1开门红，提振行业信心,买入,民生证券,18,,,,,,,白酒Ⅱ,2023-04-18,https://pdf.dfcfw.com/pdf/H3_AP202304181585547106_1.pdf
303,600519,贵州茅台,点评报告：23Q1业绩超预期，彰显龙头强劲实力,增持,万联证券,18,,,,,,,白酒Ⅱ,2023-04-18,https://pdf.dfcfw.com/pdf/H3_AP202304181585546190_1.pdf
304,600519,贵州茅台,业绩超市场预期，盈利能力创新高,买入,华安证券,18,,,,,,,白酒Ⅱ,2023-04-17,https://pdf.dfcfw.com/pdf/H3_AP202304171585516710_1.pdf
305,600519,贵州茅台,超预期开局，坚定全年信心,买入,信达证券,18,,,,,,,白酒Ⅱ,2023-04-17,https://pdf.dfcfw.com/pdf/H3_AP202304171585504924_1.pdf
306,600519,贵州茅台,Q1业绩超预期，坚定看好底部机会,买入,国金证券,18,,,,,,,白酒Ⅱ,2023-04-17,https://pdf.dfcfw.com/pdf/H3_AP202304171585497939_1.pdf
307,600519,贵州茅台,一季度主要经营数据点评：业绩略高于市场预期，发展动能充足,买入,东吴证券,18,,,,,,,白酒Ⅱ,2023-04-17,https://pdf.dfcfw.com/pdf/H3_AP202304171585493279_1.pdf
308,600519,贵州茅台,贵州茅台2023年一季度经营数据点评：Q1开门红超预期，有望引领行业景气度上行,买入,东亚前海证券,18,,,,,,,白酒Ⅱ,2023-04-17,https://pdf.dfcfw.com/pdf/H3_AP202304171585493277_1.pdf
309,600519,贵州茅台,2023年一季度主要经营数据点评：顺利实现开门红，彰显龙头韧性,买入,东莞证券,18,,,,,,,白酒Ⅱ,2023-04-17,https://pdf.dfcfw.com/pdf/H3_AP202304171585491973_1.pdf
310,600519,贵州茅台,公司简评报告：Q1实现开门红，业绩提速,买入,东海证券,18,,,,,,,白酒Ⅱ,2023-04-17,https://pdf.dfcfw.com/pdf/H3_AP202304171585491430_1.pdf
311,600519,贵州茅台,1Q came in slightly higher than we expected,买入,招银国际,18,,,,,,,白酒Ⅱ,2023-04-17,https://pdf.dfcfw.com/pdf/H3_AP202304171585491367_1.pdf
312,600519,贵州茅台,公司事件点评报告：业绩超预期，一季度开门红,买入,华鑫证券,18,,,,,,,白酒Ⅱ,2023-04-17,https://pdf.dfcfw.com/pdf/H3_AP202304171585490867_1.pdf
313,600519,贵州茅台,点评报告：业绩再创新高，产品、渠道结构升级优化,增持,万联证券,18,,,,,,,白酒Ⅱ,2023-04-04,https://pdf.dfcfw.com/pdf/H3_AP202304041585061510_1.pdf
314,600519,贵州茅台,销售结构显著优化，高品质发展稳步向前,买入,第一上海证券,18,,,,,,,白酒Ⅱ,2023-04-04,https://pdf.dfcfw.com/pdf/H3_AP202304041585061233_1.pdf
315,600519,贵州茅台,2022年年报点评：行稳致远，延续高质量增长,买入,民生证券,18,,,,,,,白酒Ⅱ,2023-04-03,https://pdf.dfcfw.com/pdf/H3_AP202304031585044424_1.pdf
316,600519,贵州茅台,公司简评报告：再创佳绩，稳步攀升,买入,东海证券,18,,,,,,,白酒Ⅱ,2023-04-03,https://pdf.dfcfw.com/pdf/H3_AP202304031585043329_1.pdf
317,600519,贵州茅台,贵州茅台2022年报点评：业绩增20%，直销占比提升,买入,国元证券,18,,,,,,,白酒Ⅱ,2023-04-03,https://pdf.dfcfw.com/pdf/H3_AP202304031585030505_1.pdf
318,600519,贵州茅台,22年圆满收官，23年阔步向前,买入,西南证券,18,,,,,,,白酒Ⅱ,2023-04-03,https://pdf.dfcfw.com/pdf/H3_AP202304031585029135_1.pdf
319,600519,贵州茅台,贵州茅台2022年年报点评：逆势增长彰显龙头地位，业绩表现超预期,买入,东亚前海证券,18,,,,,,,白酒Ⅱ,2023-04-02,https://pdf.dfcfw.com/pdf/H3_AP202304021585025823_1.pdf
320,600519,贵州茅台,公司业绩维持较快增速，渠道改革成效显著,买入,中银证券,18,,,,,,,白酒Ⅱ,2023-04-01,https://pdf.dfcfw.com/pdf/H3_AP202304011585020310_1.pdf
321,600519,贵州茅台,多效并举，高质前行,买入,信达证券,18,,,,,,,白酒Ⅱ,2023-03-31,https://pdf.dfcfw.com/pdf/H3_AP202303311584779706_1.pdf
322,600519,贵州茅台,2022年年报点评：22年高质量兑现，23年延续15%增速目标,买入,东吴证券,18,,,,,,,白酒Ⅱ,2023-03-31,https://pdf.dfcfw.com/pdf/H3_AP202303311584770520_1.pdf
323,600519,贵州茅台,直销瞩目，新一年再上一层楼,增持,群益证券,18,,,,,,,白酒Ⅱ,2023-03-31,https://pdf.dfcfw.com/pdf/H3_AP202303311584755795_1.pdf
324,600519,贵州茅台,直销量翻倍亮眼，非标酒放量及直销拓展仍将是增长源动力,买入,国信证券,18,,,,,,,白酒Ⅱ,2023-03-31,https://pdf.dfcfw.com/pdf/H3_AP202303311584749055_1.pdf
325,600519,贵州茅台,结构优化更进一步，业绩高质量兑现,买入,国金证券,18,,,,,,,白酒Ⅱ,2023-03-31,https://pdf.dfcfw.com/pdf/H3_AP202303311584747482_1.pdf
326,600519,贵州茅台,2022年年报点评：Q4业绩彰显韧性，全年顺利收官,买入,东莞证券,18,,,,,,,白酒Ⅱ,2023-03-31,https://pdf.dfcfw.com/pdf/H3_AP202303311584747465_1.pdf
327,600519,贵州茅台,公司事件点评报告：2022年圆满收官，2023年继续进击,买入,华鑫证券,18,,,,,,,白酒Ⅱ,2023-03-31,https://pdf.dfcfw.com/pdf/H3_AP202303311584746311_1.pdf
328,600519,贵州茅台,22年超额完成全年目标，23年高质量增长可期,买入,山西证券,18,,,,,,,白酒Ⅱ,2023-03-31,https://pdf.dfcfw.com/pdf/H3_AP202303311584745898_1.pdf
329,600519,贵州茅台,i茅台首战大捷，22Q4产品结构提升,买入,华安证券,18,,,,,,,白酒Ⅱ,2023-03-31,https://pdf.dfcfw.com/pdf/H3_AP202303311584745738_1.pdf
330,600519,贵州茅台,深度报告：梅花香，自苦寒来,买入,国元证券,18,,,,,,,白酒Ⅱ,2023-03-24,https://pdf.dfcfw.com/pdf/H3_AP202303241584526237_1.pdf
331,600519,贵州茅台,Proxy of China’s consumption-led recovery; buying into any weakness for the next recovery wave,买入,招银国际,18,,,,,,,白酒Ⅱ,2023-02-06,https://pdf.dfcfw.com/pdf/H3_AP202302061582801265_1.pdf
332,600519,贵州茅台,公司事件点评报告：集团遍地开花，公司后劲充足,买入,华鑫证券,18,,,,,,,白酒Ⅱ,2023-01-03,https://pdf.dfcfw.com/pdf/H3_AP202301031581649713_1.pdf
333,600519,贵州茅台,公司信息更新报告：2022年圆满收官，市场化改革持续,买入,开源证券,18,,,,,,,白酒Ⅱ,2023-01-03,https://pdf.dfcfw.com/pdf/H3_AP202301031581648384_1.pdf
334,600519,贵州茅台,高质量超额实现全年目标，2023继续前行,增持,群益证券,18,,,,,,,白酒Ⅱ,2023-01-03,https://pdf.dfcfw.com/pdf/H3_AP202301031581643169_1.pdf
335,600519,贵州茅台,贵州茅台业绩预告点评：Q4业绩增20%，利润水平再提升,买入,国元证券,18,,,,,,,白酒Ⅱ,2023-01-03,https://pdf.dfcfw.com/pdf/H3_AP202301031581642364_1.pdf
336,600519,贵州茅台,事件点评：收入利润实现双位数增长，超额完成年度目标,买入,民生证券,18,,,,,,,白酒Ⅱ,2023-01-02,https://pdf.dfcfw.com/pdf/H3_AP202301021581628355_1.pdf
337,600519,贵州茅台,全年目标超额达成，深化改革成就斐然,买入,西南证券,18,,,,,,,白酒Ⅱ,2023-01-01,https://pdf.dfcfw.com/pdf/H3_AP202301011581615358_1.pdf
338,600519,贵州茅台,2022年度生产经营情况简评,买入,东吴证券,18,,,,,,,白酒Ⅱ,2022-12-30,https://pdf.dfcfw.com/pdf/H3_AP202212301581520864_1.pdf
339,600519,贵州茅台,公司事件点评报告：业绩符合预期，行稳致远向前看,买入,华鑫证券,18,,,,,,,白酒Ⅱ,2022-12-30,https://pdf.dfcfw.com/pdf/H3_AP202212301581516360_1.pdf
340,600519,贵州茅台,事件点评：22年顺利收官，高质量增长可期,买入,东莞证券,18,,,,,,,白酒Ⅱ,2022-12-30,https://pdf.dfcfw.com/pdf/H3_AP202212301581515605_1.pdf
341,600519,贵州茅台,熨滑行业周期，超额完成目标,买入,信达证券,18,,,,,,,白酒Ⅱ,2022-12-30,https://pdf.dfcfw.com/pdf/H3_AP202212301581512900_1.pdf
342,600519,贵州茅台,业绩超预期收官，景气上行配置优先,买入,国金证券,18,,,,,,,白酒Ⅱ,2022-12-30,https://pdf.dfcfw.com/pdf/H3_AP202212301581511225_1.pdf
343,600519,贵州茅台,渠道视角剖析成长：渠道变革史回顾暨未来直销发展贡献展望,买入,国信证券,18,,,,,,,白酒Ⅱ,2022-12-29,https://pdf.dfcfw.com/pdf/H3_AP202212291581457928_1.pdf
344,600519,贵州茅台,茅台酒扩产落地，巩固长期发展基石,买入,华安证券,18,,,,,,,白酒Ⅱ,2022-12-19,https://pdf.dfcfw.com/pdf/H3_AP202212191581215729_1.pdf
345,600519,贵州茅台,公司事件点评报告：扩产保驾护航，前瞻性布局中长期,买入,华鑫证券,18,,,,,,,白酒Ⅱ,2022-12-18,https://pdf.dfcfw.com/pdf/H3_AP202212171581171658_1.pdf
346,600519,贵州茅台,扩产靴子落地，业绩空间可期,买入,信达证券,18,,,,,,,白酒Ⅱ,2022-12-15,https://pdf.dfcfw.com/pdf/H3_AP202212151581123218_1.pdf
347,600519,贵州茅台,事件点评：拟增资扩产茅台酒，业绩增长可期,买入,东莞证券,18,,,,,,,白酒Ⅱ,2022-12-15,https://pdf.dfcfw.com/pdf/H3_AP202212151581118494_1.pdf
348,600519,贵州茅台,公司事件点评报告：首次特别分红，股东增持显信心,买入,华鑫证券,18,,,,,,,白酒Ⅱ,2022-11-30,https://pdf.dfcfw.com/pdf/H3_AP202211301580684097_1.pdf
349,600519,贵州茅台,事件点评：首次实施特别分红，大股东增持彰显信心,买入,民生证券,18,,,,,,,白酒Ⅱ,2022-11-30,https://pdf.dfcfw.com/pdf/H3_AP202211301580680686_1.pdf
350,600519,贵州茅台,股东底部增持，信心更上一层,买入,东吴证券,18,,,,,,,白酒Ⅱ,2022-11-29,https://pdf.dfcfw.com/pdf/H3_AP202211291580655061_1.pdf
351,600519,贵州茅台,公司深度报告（下篇）：白酒巨擘，架海擎天,买入,东海证券,18,,,,,,,白酒Ⅱ,2022-11-24,https://pdf.dfcfw.com/pdf/H3_AP202211241580531566_1.pdf
352,600519,贵州茅台,公司深度报告：行稳致远，价格闯关,买入,东海证券,18,,,,,,,白酒Ⅱ,2022-11-23,https://pdf.dfcfw.com/pdf/H3_AP202211231580504721_1.pdf
353,600519,贵州茅台,关于茅台酒经营数据公告点评：茅台酒营收破千亿，龙头行稳致远,买入,东莞证券,18,,,,,,,白酒Ⅱ,2022-11-23,https://pdf.dfcfw.com/pdf/H3_AP202211231580501469_1.pdf
354,600519,贵州茅台,逆势中信比金坚，底部守望确定性,买入,国金证券,18,,,,,,,白酒Ⅱ,2022-10-27,https://pdf.dfcfw.com/pdf/H3_AP202210271579513484_1.pdf
355,600519,贵州茅台,直销继续放量，税金高位，后续势能十足,,中邮证券,18,,,,,,,白酒Ⅱ,2022-10-18,https://pdf.dfcfw.com/pdf/H3_AP202210181579249370_1.pdf
356,600519,贵州茅台,贵州茅台2022年三季报点评：Q3业绩增16%，i茅台亮眼,买入,国元证券,18,,,,,,,白酒Ⅱ,2022-10-18,https://pdf.dfcfw.com/pdf/H3_AP202210181579243162_1.pdf
357,600519,贵州茅台,直销渠道持续放量，业绩稳健余力充足,买入,西南证券,18,,,,,,,白酒Ⅱ,2022-10-18,https://pdf.dfcfw.com/pdf/H3_AP202210181579238604_1.pdf
358,600519,贵州茅台,公司信息更新报告：直销推进提速，旺季平稳过渡,买入,开源证券,18,,,,,,,白酒Ⅱ,2022-10-18,https://pdf.dfcfw.com/pdf/H3_AP202210181579236064_1.pdf
359,600519,贵州茅台,2022年三季报点评：实际报表质量佳，长期行稳致远,买入,东吴证券,18,,,,,,,白酒Ⅱ,2022-10-18,https://pdf.dfcfw.com/pdf/H3_AP202210181579236049_1.pdf
360,600519,贵州茅台,I茅台表现突出，合同负债良好增长,买入,华金证券,18,,,,,,,白酒Ⅱ,2022-10-17,https://pdf.dfcfw.com/pdf/H3_AP202210171579224483_1.pdf
361,600519,贵州茅台,直销放量稳步推进，龙头业绩确定性和成长性持续突出,买入,国信证券,18,,,,,,,白酒Ⅱ,2022-10-17,https://pdf.dfcfw.com/pdf/H3_AP202210171579223856_1.pdf
362,600519,贵州茅台,3季度营收稳健增长，渠道利润撑起业绩安全垫,买入,中银证券,18,,,,,,,白酒Ⅱ,2022-10-17,https://pdf.dfcfw.com/pdf/H3_AP202210171579218065_1.pdf
363,600519,贵州茅台,高质量业绩兑现，多维改革持续推进,买入,国金证券,18,,,,,,,白酒Ⅱ,2022-10-17,https://pdf.dfcfw.com/pdf/H3_AP202210171579210714_1.pdf
364,600519,贵州茅台,龙头风采依旧，稳健中亮点尽显,买入,华安证券,18,,,,,,,白酒Ⅱ,2022-10-17,https://pdf.dfcfw.com/pdf/H3_AP202210171579210484_1.pdf
365,600519,贵州茅台,贵州茅台2022年三季报点评：直销渠道潜力释放，产品结构持续优化,买入,东亚前海证券,18,,,,,,,白酒Ⅱ,2022-10-17,https://pdf.dfcfw.com/pdf/H3_AP202210171579209739_1.pdf
366,600519,贵州茅台,前三季度稳健增长 实现全年目标确定性强,买入,山西证券,18,,,,,,,白酒Ⅱ,2022-10-17,https://pdf.dfcfw.com/pdf/H3_AP202210171579208242_1.pdf
367,600519,贵州茅台,直销占比近四成，系列酒高增长,买入,信达证券,18,,,,,,,白酒Ⅱ,2022-10-17,https://pdf.dfcfw.com/pdf/H3_AP202210171579206984_1.pdf
368,600519,贵州茅台,公司事件点评报告：直营占比持续提升，i茅台表现优异,买入,华鑫证券,18,,,,,,,白酒Ⅱ,2022-10-17,https://pdf.dfcfw.com/pdf/H3_AP202210161579197323_1.pdf
369,600519,贵州茅台,稳健增长韧性十足，全年目标完成无虞,买入,西南证券,18,,,,,,,白酒Ⅱ,2022-10-14,https://pdf.dfcfw.com/pdf/H3_AP202210141579163995_1.pdf
370,600519,贵州茅台,3季度稳健增长，龙头保持业绩定力,买入,国信证券,18,,,,,,,白酒Ⅱ,2022-10-13,https://pdf.dfcfw.com/pdf/H3_AP202210131579124713_1.pdf
371,600519,贵州茅台,1-9月主要经营数据点评：行稳致远，发展势能仍持续向上,买入,东吴证券,18,,,,,,,白酒Ⅱ,2022-10-13,https://pdf.dfcfw.com/pdf/H3_AP202210131579121733_1.pdf
372,600519,贵州茅台,健性首选，基本面态势向好无虞,买入,国金证券,18,,,,,,,白酒Ⅱ,2022-10-13,https://pdf.dfcfw.com/pdf/H3_AP202210131579120195_1.pdf
373,600519,贵州茅台,公司事件点评报告：业绩稳增长，持续释放活力,买入,华鑫证券,18,,,,,,,白酒Ⅱ,2022-10-13,https://pdf.dfcfw.com/pdf/H3_AP202210131579118773_1.pdf
374,600519,贵州茅台,2022年1-9月主要经营数据点评：Q3业绩稳健增长，渠道改革稳步推进,买入,东莞证券,18,,,,,,,白酒Ⅱ,2022-10-13,https://pdf.dfcfw.com/pdf/H3_AP202210131579118103_1.pdf
375,600519,贵州茅台,稳健经营，扩大营销,买入,信达证券,18,,,,,,,白酒Ⅱ,2022-10-13,https://pdf.dfcfw.com/pdf/H3_AP202210131579115945_1.pdf
376,600519,贵州茅台,改革红利释放，业绩进入提速期,买入,东兴证券,18,,,,,,,白酒Ⅱ,2022-08-09,https://pdf.dfcfw.com/pdf/H3_AP202208091577022895_1.pdf
377,600519,贵州茅台,半年报点评：系列酒升级成新引擎 直销占比提升助推业绩,增持,申港证券,18,,,,,,,白酒Ⅱ,2022-08-04,https://pdf.dfcfw.com/pdf/H3_AP202208041576908384_1.pdf
378,600519,贵州茅台,半年报点评：总量结构皆有亮点，全年目标有望实现,增持,大同证券,18,,,,,,,白酒Ⅱ,2022-08-04,https://pdf.dfcfw.com/pdf/H3_AP202208041576905809_1.pdf
379,600519,贵州茅台,公司信息更新报告：直营渠道成绩优异，未来改革深化空间充足,买入,开源证券,18,,,,,,,白酒Ⅱ,2022-08-04,https://pdf.dfcfw.com/pdf/H3_AP202208041576902091_1.pdf
380,600519,贵州茅台,2022H1业绩符合预期，营销改革红利持续释放,买入,第一上海证券,18,,,,,,,白酒Ⅱ,2022-08-04,https://pdf.dfcfw.com/pdf/H3_AP202208041576889285_1.pdf
381,600519,贵州茅台,2022年半年度报告点评：业绩稳扎稳打，改革成效凸显,买入,民生证券,18,,,,,,,白酒Ⅱ,2022-08-04,https://pdf.dfcfw.com/pdf/H3_AP202208041576884286_1.pdf
382,600519,贵州茅台,渠道改革红利释放，直营表现亮眼,买入,山西证券,18,,,,,,,白酒Ⅱ,2022-08-03,https://pdf.dfcfw.com/pdf/H3_AP202208031576877029_1.pdf
383,600519,贵州茅台,新团队锐意进取，业绩较快增长，积极发力新产品和新渠道,买入,中银证券,18,,,,,,,白酒Ⅱ,2022-08-03,https://pdf.dfcfw.com/pdf/H3_AP202208031576872691_1.pdf
384,600519,贵州茅台,多重因素保障增长，改革红利持续释放,买入,华金证券,18,,,,,,,白酒Ⅱ,2022-08-03,https://pdf.dfcfw.com/pdf/H3_AP202208031576861341_1.pdf
385,600519,贵州茅台,渠道改革持续赋能，业绩释放确定性强,买入,华安证券,18,,,,,,,白酒Ⅱ,2022-08-03,https://pdf.dfcfw.com/pdf/H3_AP202208031576860594_1.pdf
386,600519,贵州茅台,2022年中报点评报告：线上自营渠道建设初见成效，直营收入增长翻倍,增持,万联证券,18,,,,,,,白酒Ⅱ,2022-08-03,https://pdf.dfcfw.com/pdf/H3_AP202208031576860587_1.pdf
387,600519,贵州茅台,业绩稳步兑现，品牌之势破竹前行,买入,国金证券,18,,,,,,,白酒Ⅱ,2022-08-03,https://pdf.dfcfw.com/pdf/H3_AP202208031576835231_1.pdf
388,600519,贵州茅台,营销改革红利持续释放，龙头业绩确定性彰显,买入,国信证券,18,,,,,,,白酒Ⅱ,2022-08-03,https://pdf.dfcfw.com/pdf/H3_AP202208031576835228_1.pdf
389,600519,贵州茅台,改革成效显著，业绩稳步兑现,买入,西南证券,18,,,,,,,白酒Ⅱ,2022-08-03,https://pdf.dfcfw.com/pdf/H3_AP202208031576835227_1.pdf
390,600519,贵州茅台,直营表现优异，加速释放势能,买入,华鑫证券,18,,,,,,,白酒Ⅱ,2022-08-03,https://pdf.dfcfw.com/pdf/H3_AP202208031576833793_1.pdf
391,600519,贵州茅台,2022年半年度业绩点评：上半年业绩符合预期，渠道改革加速推进,买入,东莞证券,18,,,,,,,白酒Ⅱ,2022-08-03,https://pdf.dfcfw.com/pdf/H3_AP202208031576833422_1.pdf
392,600519,贵州茅台,贵州茅台2022年半年报点评：改革落地加速业绩，全年目标有望实现,买入,东亚前海证券,18,,,,,,,白酒Ⅱ,2022-08-03,https://pdf.dfcfw.com/pdf/H3_AP202208031576832587_1.pdf
393,600519,贵州茅台,2022年中报业绩点评：业绩符合预期，稳中求进韧性足,买入,东吴证券,18,,,,,,,白酒Ⅱ,2022-08-03,https://pdf.dfcfw.com/pdf/H3_AP202208031576832302_1.pdf
394,600519,贵州茅台,茅台的新供给与新需求,买入,信达证券,18,,,,,,,白酒Ⅱ,2022-08-03,https://pdf.dfcfw.com/pdf/H3_AP202208031576831636_1.pdf
395,600519,贵州茅台,品牌力再提升，改革全面提速,买入,中邮证券,18,,,,,,,白酒Ⅱ,2022-07-26,https://pdf.dfcfw.com/pdf/H3_AP202207261576567902_1.pdf
396,600519,贵州茅台,中报业绩显韧性，直营体系构建和系列酒增长显亮点,买入,国信证券,18,,,,,,,白酒Ⅱ,2022-07-26,https://pdf.dfcfw.com/pdf/H3_AP202207261576553724_1.pdf
397,600519,贵州茅台,业绩符合预期，上半年可圈可点,买入,华鑫证券,18,,,,,,,白酒Ⅱ,2022-07-26,https://pdf.dfcfw.com/pdf/H3_AP202207261576553717_1.pdf
398,600519,贵州茅台,公司信息更新报告：Q2延续高增趋势，改革潜力逐步释放,买入,开源证券,18,,,,,,,白酒Ⅱ,2022-07-25,https://pdf.dfcfw.com/pdf/H3_AP202207251576534578_1.pdf
399,600519,贵州茅台,稳健增长韧性十足，深化改革砥砺,买入,西南证券,18,,,,,,,白酒Ⅱ,2022-07-22,https://pdf.dfcfw.com/pdf/H3_AP202207221576470135_1.pdf
400,600519,贵州茅台,2022H1经营数据点评：业绩凸显确定性，产能扩建提供长期保障,买入,民生证券,18,,,,,,,白酒Ⅱ,2022-07-22,https://pdf.dfcfw.com/pdf/H3_AP202207221576468050_1.pdf
401,600519,贵州茅台,2022年上半年主要经营数据点评：22Q2实现稳健增长，i茅台贡献业绩增量,买入,东莞证券,18,,,,,,,白酒Ⅱ,2022-07-22,https://pdf.dfcfw.com/pdf/H3_AP202207221576462262_1.pdf
402,600519,贵州茅台,无惧疫情冲击，新产品和新渠道发力，不确定环境下的确定品种,买入,中银证券,18,,,,,,,白酒Ⅱ,2022-07-22,https://pdf.dfcfw.com/pdf/H3_AP202207221576460117_1.pdf
403,600519,贵州茅台,五合营销下，跑起来的速度,买入,信达证券,18,,,,,,,白酒Ⅱ,2022-07-22,https://pdf.dfcfw.com/pdf/H3_AP202207221576426455_1.pdf
404,600519,贵州茅台,茅台上半年经营数据公告点评-Q2符合预期，Q3环比同比加速可期,买入,东吴证券,18,,,,,,,白酒Ⅱ,2022-07-22,https://pdf.dfcfw.com/pdf/H3_AP202207221576425666_1.pdf
405,600519,贵州茅台,盛夏之时，i茅台助力美文化,买入,国金证券,18,,,,,,,白酒Ⅱ,2022-06-27,https://pdf.dfcfw.com/pdf/H3_AP202206271575018728_1.pdf
406,600519,贵州茅台,阐明五线发展道路，高质量发展大步向前,增持,群益证券,18,,,,,,,白酒Ⅱ,2022-06-20,https://pdf.dfcfw.com/pdf/H3_AP202206201573531780_1.pdf
407,600519,贵州茅台,五线思路清晰，高质量加速发展,买入,华鑫证券,18,,,,,,,白酒Ⅱ,2022-06-19,https://pdf.dfcfw.com/pdf/H3_AP202206181573034363_1.pdf
408,600519,贵州茅台,以美之名发展，万众一心提速,买入,信达证券,18,,,,,,,白酒Ⅱ,2022-06-19,https://pdf.dfcfw.com/pdf/H3_AP202206181572994352_1.pdf
409,600519,贵州茅台,新团队锐意进取，连续两季度提速，不确定环境下的确定品种,买入,中银证券,18,,,,,,,酿酒行业,2022-05-25,https://pdf.dfcfw.com/pdf/H3_AP202205251567779412_1.pdf
410,600519,贵州茅台,利润超市场预期，直营占比加速提升,买入,山西证券,18,,,,,,,白酒Ⅱ,2022-05-09,https://pdf.dfcfw.com/pdf/H3_AP202205091564444554_1.pdf
411,600519,贵州茅台,一季度业绩超预期，直营占比继续提升,买入,华鑫证券,18,,,,,,,酿酒行业,2022-04-28,https://pdf.dfcfw.com/pdf/H3_AP202204281562154130_1.pdf
412,600519,贵州茅台,直销占比提升至34%，营销改革效果初显,买入,国信证券,18,,,,,,,白酒Ⅱ,2022-04-28,https://pdf.dfcfw.com/pdf/H3_AP202204281562119198_1.pdf
413,600519,贵州茅台,贵州茅台2022年一季报点评：改革成效初显，业绩提速可期,买入,东亚前海证券,18,,,,,,,白酒Ⅱ,2022-04-27,https://pdf.dfcfw.com/pdf/H3_AP202204271561988162_1.pdf
414,600519,贵州茅台,点评报告：渠道改革成绩亮眼，直营单季收入突破百亿,增持,万联证券,18,,,,,,,白酒Ⅱ,2022-04-27,https://pdf.dfcfw.com/pdf/H3_AP202204271561963208_1.pdf
415,600519,贵州茅台,公司信息更新报告：Q1业绩再超预期，成长性和确定性兼备,买入,开源证券,18,,,,,,,白酒Ⅱ,2022-04-27,https://pdf.dfcfw.com/pdf/H3_AP202204271561941173_1.pdf
416,600519,贵州茅台,22Q1业绩超预期，看好全年加速成长,买入,西南证券,18,,,,,,,白酒Ⅱ,2022-04-27,https://pdf.dfcfw.com/pdf/H3_AP202204271561936079_1.pdf
417,600519,贵州茅台,一季度业绩超预期，直销建设再加速,买入,国金证券,18,,,,,,,白酒Ⅱ,2022-04-27,https://pdf.dfcfw.com/pdf/H3_AP202204271561920140_1.pdf
418,600519,贵州茅台,1Q开门红如期，22年继续前进,增持,群益证券,18,,,,,,,白酒Ⅱ,2022-04-27,https://pdf.dfcfw.com/pdf/H3_AP202204271561913472_1.pdf
419,600519,贵州茅台,2022年一季报业绩点评：利润超预期，直销占比创新高,买入,东吴证券,18,,,,,,,白酒Ⅱ,2022-04-27,https://pdf.dfcfw.com/pdf/H3_AP202204271561913434_1.pdf
420,600519,贵州茅台,2022年一季度业绩点评：22年开门红数据亮眼，直营渠道加速推进,买入,东莞证券,18,,,,,,,白酒Ⅱ,2022-04-27,https://pdf.dfcfw.com/pdf/H3_AP202204271561900876_1.pdf
421,600519,贵州茅台,2022年一季报点评：一季度直销占比快速提升，营销改革持续推进,买入,民生证券,18,,,,,,,白酒Ⅱ,2022-04-27,https://pdf.dfcfw.com/pdf/H3_AP202204271561899889_1.pdf
422,600519,贵州茅台,业绩多点开花，提速发展确立,买入,信达证券,18,,,,,,,白酒Ⅱ,2022-04-27,https://pdf.dfcfw.com/pdf/H3_AP202204271561884609_1.pdf
423,600519,贵州茅台,i茅台意义几何？,买入,国金证券,18,,,,,,,白酒Ⅱ,2022-04-25,https://pdf.dfcfw.com/pdf/H3_AP202204251561532742_1.pdf
424,600519,贵州茅台,2021年量价齐升完美收官，市场化改革谋求更高品质发展,买入,第一上海证券,18,,,,,,,白酒Ⅱ,2022-04-11,https://pdf.dfcfw.com/pdf/H3_AP202204111558601712_1.pdf
425,600519,贵州茅台,公司信息更新报告：2021年圆满收官，2022年改革加速,买入,开源证券,18,,,,,,,白酒Ⅱ,2022-04-06,https://pdf.dfcfw.com/pdf/H3_AP202204061557609840_1.pdf
426,600519,贵州茅台,21年业绩稳健增长，新团队新气象，预计22年将明显提速,买入,中银证券,18,,,,,,,白酒Ⅱ,2022-04-02,https://pdf.dfcfw.com/pdf/H3_AP202204021556754245_1.pdf
427,600519,贵州茅台,21年稳健收官，1Q开门红如期而至,增持,群益证券,18,,,,,,,白酒Ⅱ,2022-04-02,https://pdf.dfcfw.com/pdf/H3_AP202204021556693942_1.pdf
428,600519,贵州茅台,21年完美收官，22年成长提速,买入,西南证券,18,,,,,,,白酒Ⅱ,2022-04-02,https://pdf.dfcfw.com/pdf/H3_AP202204021556693804_1.pdf
429,600519,贵州茅台,贵州茅台2021年报业绩点评：十四五开局良好，市场化改革助推业绩上行,买入,东亚前海证券,18,,,,,,,白酒Ⅱ,2022-04-01,https://pdf.dfcfw.com/pdf/H3_AP202204011556570888_1.pdf
430,600519,贵州茅台,2021年报点评—圆满收官，直销渠道亮眼,买入,东吴证券,18,,,,,,,白酒Ⅱ,2022-04-01,https://pdf.dfcfw.com/pdf/H3_AP202204011556454746_1.pdf
431,600519,贵州茅台,2021年如期收官，2022年业绩加速,买入,华鑫证券,18,,,,,,,白酒Ⅱ,2022-03-31,https://pdf.dfcfw.com/pdf/H3_AP202203311556336020_1.pdf
432,600519,贵州茅台,2021稳中有进，2022目标加速,买入,山西证券,18,,,,,,,白酒Ⅱ,2022-03-31,https://pdf.dfcfw.com/pdf/H3_AP202203311556330741_1.pdf
433,600519,贵州茅台,2021年年报点评报告：营收规模首次突破千亿，产品渠道改革增厚业绩,增持,万联证券,18,,,,,,,白酒Ⅱ,2022-03-31,https://pdf.dfcfw.com/pdf/H3_AP202203311556330607_1.pdf
434,600519,贵州茅台,直销创新高，系列共成长,买入,信达证券,18,,,,,,,白酒Ⅱ,2022-03-31,https://pdf.dfcfw.com/pdf/H3_AP202203311556314575_1.pdf
435,600519,贵州茅台,21年稳健增长，22年加速可期,买入,华金证券,18,,,,,,,白酒Ⅱ,2022-03-31,https://pdf.dfcfw.com/pdf/H3_AP202203311556307741_1.pdf
436,600519,贵州茅台,量价齐升行稳致远，改革红利加速释放,买入,国金证券,18,,,,,,,白酒Ⅱ,2022-03-31,https://pdf.dfcfw.com/pdf/H3_AP202203311556297911_1.pdf
437,600519,贵州茅台,2021年度报告点评：“十四五”顺利开局，推进数字化营销改革,买入,民生证券,18,,,,,,,白酒Ⅱ,2022-03-31,https://pdf.dfcfw.com/pdf/H3_AP202203311556290635_1.pdf
438,600519,贵州茅台,2021年年报与2022年一季度业绩预告点评：22年顺利实现开门红，奠定全年业绩基础,买入,东莞证券,18,,,,,,,白酒Ⅱ,2022-03-31,https://pdf.dfcfw.com/pdf/H3_AP202203311556280143_1.pdf
439,600519,贵州茅台,2021稳中有进，2022实现开门红,买入,山西证券,18,,,,,,,白酒Ⅱ,2022-03-30,https://pdf.dfcfw.com/pdf/H3_AP202203301556005530_1.pdf
440,600519,贵州茅台,一季度业绩开门红，市场化改革再推进,买入,国金证券,18,,,,,,,白酒Ⅱ,2022-03-29,https://pdf.dfcfw.com/pdf/H3_AP202203291555764264_1.pdf
441,600519,贵州茅台,如期开门红，改革望加速,买入,华鑫证券,18,,,,,,,白酒Ⅱ,2022-03-29,https://pdf.dfcfw.com/pdf/H3_AP202203291555713794_1.pdf
442,600519,贵州茅台,深度报告：聚焦营销改革，量价齐升仍可期,买入,民生证券,18,,,,,,,白酒Ⅱ,2022-03-25,https://pdf.dfcfw.com/pdf/H3_AP202203251554835687_1.pdf
443,600519,贵州茅台,顺利实现开门红，全年业绩提速可期,买入,西南证券,18,,,,,,,白酒Ⅱ,2022-03-10,https://pdf.dfcfw.com/pdf/H3_AP202203101551700135_1.pdf
444,600519,贵州茅台,1-2月业绩亮眼，改革新周期迈出新步伐,买入,国信证券,18,,,,,,,白酒Ⅱ,2022-03-09,https://pdf.dfcfw.com/pdf/H3_AP202203091551562143_1.pdf
445,600519,贵州茅台,贵州茅台点评：开门红圆满收官，强改革稳增长可期,买入,东亚前海证券,18,,,,,,,白酒Ⅱ,2022-03-09,https://pdf.dfcfw.com/pdf/H3_AP202203091551511442_1.pdf
446,600519,贵州茅台,贵州茅台公告点评：开门红超市场预期，龙头需求强劲,买入,东吴证券,18,,,,,,,白酒Ⅱ,2022-03-08,https://pdf.dfcfw.com/pdf/H3_AP202203081551374839_1.pdf
447,600519,贵州茅台,2022年1-2月业绩提速，提振市场信心,买入,中银证券,18,,,,,,,白酒Ⅱ,2022-03-08,https://pdf.dfcfw.com/pdf/H3_AP202203081551374264_1.pdf
448,600519,贵州茅台,经营数据超预期，改革势能持续释放,买入,国金证券,18,,,,,,,白酒Ⅱ,2022-03-08,https://pdf.dfcfw.com/pdf/H3_AP202203081551349129_1.pdf
449,600519,贵州茅台,2022年1-2月经营数据点评：顺利实现“开门红”，市场化改革红利显现,买入,民生证券,18,,,,,,,白酒Ⅱ,2022-03-08,https://pdf.dfcfw.com/pdf/H3_AP202203081551328369_1.pdf
450,600519,贵州茅台,事件点评：顺利实现开门红，基本面稳中向好,买入,东莞证券,18,,,,,,,白酒Ⅱ,2022-03-08,https://pdf.dfcfw.com/pdf/H3_AP202203081551325535_1.pdf
451,600519,贵州茅台,从量价维度剖析茅台的成长空间,买入,国金证券,18,,,,,,,白酒Ⅱ,2022-02-28,https://pdf.dfcfw.com/pdf/H3_AP202202281549756343_1.pdf
452,600519,贵州茅台,2021年圆满收官，2022年扬帆起航,买入,东兴证券,18,,,,,,,白酒Ⅱ,2022-01-10,https://pdf.dfcfw.com/pdf/H3_AP202201101539564935_1.pdf
453,600519,贵州茅台,预告2021年全年净利润增11.3%，符合预期，稳健收官,持有,群益证券,18,,,,,,,白酒Ⅱ,2022-01-05,https://pdf.dfcfw.com/pdf/H3_AP202201051538659363_1.pdf
454,600519,贵州茅台,贵州茅台2021年生产经营情况点评：2021行稳致远，2022扬帆启航,买入,民生证券,18,,,,,,,白酒Ⅱ,2022-01-05,https://pdf.dfcfw.com/pdf/H3_AP202201051538634914_1.pdf
455,600519,贵州茅台,目标圆满完成，来年加速可期,买入,西南证券,18,,,,,,,白酒Ⅱ,2022-01-05,https://pdf.dfcfw.com/pdf/H3_AP202201051538614368_1.pdf
456,600519,贵州茅台,贵州茅台：经营保持稳健，改革保障长期活力,买入,东亚前海证券,18,,,,,,,白酒Ⅱ,2022-01-05,https://pdf.dfcfw.com/pdf/H3_AP202201051538582692_1.pdf
457,600519,贵州茅台,2021稳中有进，2022加速可期,买入,山西证券,18,,,,,,,白酒Ⅱ,2022-01-05,https://pdf.dfcfw.com/pdf/H3_AP202201051538577453_1.pdf
458,600519,贵州茅台,4季度如期改善，2022年更值得期待,买入,中银证券,18,,,,,,,白酒Ⅱ,2022-01-05,https://pdf.dfcfw.com/pdf/H3_AP202201051538566638_1.pdf
459,600519,贵州茅台,公司信息更新报告：2021年平稳收官，2022年市场化改革加速可期,买入,开源证券,18,,,,,,,白酒Ⅱ,2022-01-04,https://pdf.dfcfw.com/pdf/H3_AP202201041538499613_1.pdf
460,600519,贵州茅台,21年收入利润稳定增长 22年业绩加速可期,买入,华金证券,18,,,,,,,白酒Ⅱ,2022-01-04,https://pdf.dfcfw.com/pdf/H3_AP202201041538447236_1.pdf
461,600519,贵州茅台,以“台”之名，“奔”向未来,买入,信达证券,18,,,,,,,白酒Ⅱ,2022-01-04,https://pdf.dfcfw.com/pdf/H3_AP202201041538432845_1.pdf
462,600519,贵州茅台,经营指标超预期完成，营销改革将助力提速,买入,太平洋,18,,,,,,,白酒Ⅱ,2022-01-04,https://pdf.dfcfw.com/pdf/H3_AP202201041538432780_1.pdf
463,600519,贵州茅台,事件点评：业绩稳健增长，量价有望齐升,买入,东莞证券,18,,,,,,,白酒Ⅱ,2022-01-04,https://pdf.dfcfw.com/pdf/H3_AP202201041538425243_1.pdf
464,600519,贵州茅台,21年圆满收官，静待22年多维度改革加速,买入,国金证券,18,,,,,,,白酒Ⅱ,2022-01-03,https://pdf.dfcfw.com/pdf/H3_AP202201031538270111_1.pdf
465,600519,贵州茅台,2021年顺利收官，2022年可期,买入,华鑫证券,18,,,,,,,白酒Ⅱ,2022-01-03,https://pdf.dfcfw.com/pdf/H3_AP202112311537755094_1.pdf
466,600519,贵州茅台,行稳致远，改革加速，正在路上,买入,华鑫证券,18,,,,,,,白酒Ⅱ,2021-12-24,https://pdf.dfcfw.com/pdf/H3_AP202112241536443823_1.pdf
467,600519,贵州茅台,营销变革或成茅台未来业绩新增长点，龙头地位助力成长确定性,买入,东亚前海证券,18,,,,,,,白酒Ⅱ,2021-12-01,https://pdf.dfcfw.com/pdf/H3_AP202112011532254150_1.pdf
468,600519,贵州茅台,直营占比提升，业绩增长势能不减,买入,东兴证券,18,,,,,,,白酒Ⅱ,2021-11-03,https://pdf.dfcfw.com/pdf/H3_AP202111031526772661_1.pdf
469,600519,贵州茅台,3Q符合预期，新帅上任彰显新气象,增持,群益证券,18,,,,,,,白酒Ⅱ,2021-10-29,https://pdf.dfcfw.com/pdf/H3_AP202110291525721973_1.pdf
470,600519,贵州茅台,业绩稳中有进，系列酒加速增长,买入,山西证券,18,,,,,,,白酒Ⅱ,2021-10-27,https://pdf.dfcfw.com/pdf/H3_AP202110271525311000_1.pdf
471,600519,贵州茅台,2021年三季度点评：Q3稳健提升，渠道结构持续改善营收规模有望突破千亿,买入,东吴证券,18,,,,,,,白酒Ⅱ,2021-10-26,https://pdf.dfcfw.com/pdf/H3_AP202110261525170308_1.pdf
472,600519,贵州茅台,2021年三季报点评：盈利能力有效改善，加大直营渠道建设力度,增持,川财证券,18,,,,,,,白酒Ⅱ,2021-10-26,https://pdf.dfcfw.com/pdf/H3_AP202110261525084148_1.pdf
473,600519,贵州茅台,3季度业绩稳健增长，耐心等待业绩拐点,买入,中银证券,18,,,,,,,白酒Ⅱ,2021-10-26,https://pdf.dfcfw.com/pdf/H3_AP202110261525065075_1.pdf
474,600519,贵州茅台,公司信息更新报告：改革持续推进，经营稳中向上,买入,开源证券,18,,,,,,,白酒Ⅱ,2021-10-25,https://pdf.dfcfw.com/pdf/H3_AP202110251524940421_1.pdf
475,600519,贵州茅台,点评报告：净利润增速重回两位数，持续优化经销体系,增持,万联证券,18,,,,,,,白酒Ⅱ,2021-10-25,https://pdf.dfcfw.com/pdf/H3_AP202110251524940366_1.pdf
476,600519,贵州茅台,直销渠道表现突出，系列酒延续增长势头,买入,华鑫证券,18,,,,,,,白酒Ⅱ,2021-10-25,https://pdf.dfcfw.com/pdf/H3_AP202110251524911179_1.pdf
477,600519,贵州茅台,系列酒发展强劲，直销促进利润释放,买入,信达证券,18,,,,,,,白酒Ⅱ,2021-10-25,https://pdf.dfcfw.com/pdf/H3_AP202110251524880224_1.pdf
478,600519,贵州茅台,贵州茅台三季报点评：稳健双位数增长、直销进一步提升,买入,太平洋,18,,,,,,,白酒Ⅱ,2021-10-25,https://pdf.dfcfw.com/pdf/H3_AP202110251524861390_1.pdf
479,600519,贵州茅台,行稳致远，关注改革新气象,买入,国金证券,18,,,,,,,白酒Ⅱ,2021-10-25,https://pdf.dfcfw.com/pdf/H3_AP202110251524843978_1.pdf
480,600519,贵州茅台,直销占比大幅提升，稳健增长蓄力来年,买入,西南证券,18,,,,,,,白酒Ⅱ,2021-10-25,https://pdf.dfcfw.com/pdf/H3_AP202110251524843872_1.pdf
481,600519,贵州茅台,2021年三季度业绩点评：Q3业绩稳健增长，全年目标稳步推进,买入,东莞证券,18,,,,,,,白酒Ⅱ,2021-10-25,https://pdf.dfcfw.com/pdf/H3_AP202110251524843846_1.pdf
482,600519,贵州茅台,直销与系列酒持续改善，全年目标有望顺利实现,买入,华金证券,18,,,,,,,白酒Ⅱ,2021-10-25,https://pdf.dfcfw.com/pdf/H3_AP202110251524843835_1.pdf
483,600519,贵州茅台,业绩稳增，改革新政稳步推进,买入,民生证券,18,,,,,,,白酒Ⅱ,2021-10-25,https://pdf.dfcfw.com/pdf/H3_AP202110251524836218_1.pdf
484,600519,贵州茅台,新团队新气象，边际向好值得期待,买入,西南证券,18,,,,,,,白酒Ⅱ,2021-09-28,https://pdf.dfcfw.com/pdf/H3_AP202109281519033910_1.pdf
485,600519,贵州茅台,股东大会释放积极信号，新管理层焕发新活力,买入,国金证券,18,,,,,,,白酒Ⅱ,2021-09-27,https://pdf.dfcfw.com/pdf/H3_AP202109271518888207_1.pdf
486,600519,贵州茅台,深度报告：峥嵘七十载，万亿白酒龙头行稳致远,买入,东莞证券,18,,,,,,,白酒Ⅱ,2021-08-09,https://pdf.dfcfw.com/pdf/H3_AP202108091508980438_1.pdf
487,600519,贵州茅台,渠道建设稳步推进，系列酒表现可圈可点,买入,第一上海证券,18,,,,,,,白酒Ⅱ,2021-08-09,https://pdf.dfcfw.com/pdf/H3_AP202108091508944305_1.pdf
488,600519,贵州茅台,终端需求强劲，中报业绩稳健，全年有望前低后高，长期布局良机到来,买入,中银证券,18,,,,,,,白酒Ⅱ,2021-08-04,https://pdf.dfcfw.com/pdf/H3_AP202108041507943336_1.pdf
489,600519,贵州茅台,点评报告：“稳”即是“快”，高端白酒龙头延续高质量增长,增持,万联证券,18,,,,,,,白酒Ⅱ,2021-08-03,https://pdf.dfcfw.com/pdf/H3_AP202108031507869553_1.pdf
490,600519,贵州茅台,收入稳中有升，直销渠道表现突出,买入,华鑫证券,18,,,,,,,白酒Ⅱ,2021-08-03,https://pdf.dfcfw.com/pdf/H3_AP202108031507811865_1.pdf
491,600519,贵州茅台,直销占比提升，系列酒快速增长,买入,信达证券,18,,,,,,,白酒Ⅱ,2021-08-02,https://pdf.dfcfw.com/pdf/H3_AP202108021507651681_1.pdf
492,600519,贵州茅台,2021年半年报点评：直营渠道建设稳步推进，系列酒有望持续创造增量,增持,川财证券,18,,,,,,,白酒Ⅱ,2021-08-02,https://pdf.dfcfw.com/pdf/H3_AP202108021507592909_1.pdf
493,600519,贵州茅台,贵州茅台中报点评：保持稳定增长，具备长期价值,买入,太平洋,18,,,,,,,白酒Ⅱ,2021-08-02,https://pdf.dfcfw.com/pdf/H3_AP202108021507571951_1.pdf
494,600519,贵州茅台,二季度业绩符合预期，年度目标可稳步实现,买入,华安证券,18,,,,,,,白酒Ⅱ,2021-08-02,https://pdf.dfcfw.com/pdf/H3_AP202108021507544486_1.pdf
495,600519,贵州茅台,公司信息更新报告：业绩增速平稳，直销持续推进,买入,开源证券,18,,,,,,,白酒Ⅱ,2021-08-02,https://pdf.dfcfw.com/pdf/H3_AP202108021507544475_1.pdf
496,600519,贵州茅台,2021年中报点评：Q2符合市场预期，渠道结构持续改善系列酒发力,买入,东吴证券,18,,,,,,,白酒Ⅱ,2021-08-02,https://pdf.dfcfw.com/pdf/H3_AP202108021507544451_1.pdf
497,600519,贵州茅台,2021年半年度业绩点评：上半年业绩略低于预期，直销渠道加速推进,买入,东莞证券,18,,,,,,,白酒Ⅱ,2021-08-02,https://pdf.dfcfw.com/pdf/H3_AP202108021507544448_1.pdf
498,600519,贵州茅台,2021年半年报点评：上半年实现稳健增长，直营收入占比达历史最高,买入,民生证券,18,,,,,,,白酒Ⅱ,2021-08-02,https://pdf.dfcfw.com/pdf/H3_AP202108021507544442_1.pdf
499,600519,贵州茅台,锚定全年目标，稳中求进余力充足,买入,西南证券,18,,,,,,,白酒Ⅱ,2021-08-02,https://pdf.dfcfw.com/pdf/H3_AP202108021507527509_1.pdf
500,600519,贵州茅台,高质量发展，业绩稳中向好,买入,国金证券,18,,,,,,,白酒Ⅱ,2021-08-02,https://pdf.dfcfw.com/pdf/H3_AP202108021507527501_1.pdf
501,600519,贵州茅台,直销与系列酒持续改善，期待结构优化业绩增长,买入,华金证券,18,,,,,,,白酒Ⅱ,2021-08-02,https://pdf.dfcfw.com/pdf/H3_AP202108021507527491_1.pdf
502,600519,贵州茅台,事件点评：扩产提价需综合考量，直销渠道加速推进,买入,东莞证券,18,,,,,,,白酒Ⅱ,2021-05-20,https://pdf.dfcfw.com/pdf/H3_AP202105201492789872_1.pdf
503,600519,贵州茅台,点评报告：直销占比提升逻辑不断兑现，提价效应释放可期,增持,万联证券,18,,,,,,,白酒Ⅱ,2021-04-30,https://pdf.dfcfw.com/pdf/H3_AP202104301488798887_1.pdf
504,600519,贵州茅台,营业收入增长稳健，税金拖累短期利润,买入,第一上海证券,18,,,,,,,白酒Ⅱ,2021-04-29,https://pdf.dfcfw.com/pdf/H3_AP202104291488613837_1.pdf
505,600519,贵州茅台,收入稳中有升，税金致业绩短期波动,买入,华鑫证券,18,,,,,,,白酒Ⅱ,2021-04-29,https://pdf.dfcfw.com/pdf/H3_AP202104291488581575_1.pdf
506,600519,贵州茅台,2021年一季报点评：消费税拉低一季度业绩，21年前低后高仍值得期待,买入,国信证券,18,,,,,,,白酒Ⅱ,2021-04-29,https://pdf.dfcfw.com/pdf/H3_AP202104291488571425_1.pdf
507,600519,贵州茅台,贵州茅台一季报点评：收入稳健双位数增长，税金影响利润表现,买入,太平洋,18,,,,,,,白酒Ⅱ,2021-04-29,https://pdf.dfcfw.com/pdf/H3_AP202104291488566395_1.pdf
508,600519,贵州茅台,公司信息更新报告：营收符合预期，消费税率上升拖累利润表现,买入,开源证券,18,,,,,,,白酒Ⅱ,2021-04-28,https://pdf.dfcfw.com/pdf/H3_AP202104281488442123_1.pdf
509,600519,贵州茅台,税费影响短期业绩，长期逻辑依然清晰,买入,西南证券,18,,,,,,,白酒Ⅱ,2021-04-28,https://pdf.dfcfw.com/pdf/H3_AP202104281488440242_1.pdf
510,600519,贵州茅台,税金拖累净利润，短期波动不改长期逻辑,买入,信达证券,18,,,,,,,白酒Ⅱ,2021-04-28,https://pdf.dfcfw.com/pdf/H3_AP202104281488423798_1.pdf
511,600519,贵州茅台,短期业绩受缴税节奏扰动，全年稳健增长可期,买入,国金证券,18,,,,,,,白酒Ⅱ,2021-04-28,https://pdf.dfcfw.com/pdf/H3_AP202104281488423780_1.pdf
512,600519,贵州茅台,业绩低于预期，静待拐点出现,买入,中银证券,18,,,,,,,白酒Ⅱ,2021-04-28,https://pdf.dfcfw.com/pdf/H3_AP202104281488405020_1.pdf
513,600519,贵州茅台,2021年一季报点评：直营投放持续加大，全年业绩有望实现稳健增长,增持,川财证券,18,,,,,,,白酒Ⅱ,2021-04-28,https://pdf.dfcfw.com/pdf/H3_AP202104281488405013_1.pdf
514,600519,贵州茅台,税金影响1Q利润，关注直销渠道建设,增持,群益证券,18,,,,,,,白酒Ⅱ,2021-04-28,https://pdf.dfcfw.com/pdf/H3_AP202104281488387391_1.pdf
515,600519,贵州茅台,2021年一季报点评：收入端实现稳健增长，税金确认拖累短期业绩,买入,民生证券,18,,,,,,,白酒Ⅱ,2021-04-28,https://pdf.dfcfw.com/pdf/H3_AP202104281488349737_1.pdf
516,600519,贵州茅台,实际经营符合预期，税金大幅波动但可解释,买入,华安证券,18,,,,,,,白酒Ⅱ,2021-04-28,https://pdf.dfcfw.com/pdf/H3_AP202104281488320406_1.pdf
517,600519,贵州茅台,产品结构优化，直营比例提升，业绩潜力巨大,买入,中银证券,18,,,,,,,白酒Ⅱ,2021-04-16,https://pdf.dfcfw.com/pdf/H3_AP202104161485607258_1.pdf
518,600519,贵州茅台,业绩稳健增长，长期确定性高,买入,万和证券,18,,,,,,,白酒Ⅱ,2021-04-09,https://pdf.dfcfw.com/pdf/H3_AP202104091482937188_1.pdf
519,600519,贵州茅台,十四五稳健开年，业绩稳中求进,买入,东兴证券,18,,,,,,,白酒Ⅱ,2021-04-06,https://pdf.dfcfw.com/pdf/H3_AP202104061481451491_1.pdf
520,600519,贵州茅台,2020年年报点评：整体均价有望提升，长期增长确定性高,买入,东吴证券,18,,,,,,,白酒Ⅱ,2021-04-02,https://pdf.dfcfw.com/pdf/H3_AP202104021480744638_1.pdf
521,600519,贵州茅台,公司信息更新报告：2020年圆满收官，2021年规划稳健,买入,开源证券,18,,,,,,,白酒Ⅱ,2021-04-02,https://pdf.dfcfw.com/pdf/H3_AP202104021480684108_1.pdf
522,600519,贵州茅台,业绩略超预期，吨价表现亮眼,买入,信达证券,18,,,,,,,白酒Ⅱ,2021-04-01,https://pdf.dfcfw.com/pdf/H3_AP202104011480311383_1.pdf
523,600519,贵州茅台,贵州茅台年报点评：直销渠道及产品结构双提升带动利润超预期,买入,太平洋,18,,,,,,,白酒Ⅱ,2021-04-01,https://pdf.dfcfw.com/pdf/H3_AP202104011480111544_1.pdf
524,600519,贵州茅台,点评报告：吨价提升助力十三五完美收官，十四五“稳”字为先开门红可期,增持,万联证券,18,,,,,,,白酒Ⅱ,2021-04-01,https://pdf.dfcfw.com/pdf/H3_AP202104011480084460_1.pdf
525,600519,贵州茅台,2020年年报点评：20年业绩略超预期，21年有望继续快速增长,买入,国信证券,18,,,,,,,白酒Ⅱ,2021-04-01,https://pdf.dfcfw.com/pdf/H3_AP202104011480045742_1.pdf
526,600519,贵州茅台,2020年报点评：业绩略超预期，新五年目标稳步推进,增持,川财证券,18,,,,,,,白酒Ⅱ,2021-03-31,https://pdf.dfcfw.com/pdf/H3_AP202103311479531808_1.pdf
527,600519,贵州茅台,“十三五”稳健收官，新五年未来可期,增持,群益证券,18,,,,,,,白酒Ⅱ,2021-03-31,https://pdf.dfcfw.com/pdf/H3_AP202103311479291444_1.pdf
528,600519,贵州茅台,业绩略超预期，“十三五”圆满收官,买入,华鑫证券,18,,,,,,,白酒Ⅱ,2021-03-31,https://pdf.dfcfw.com/pdf/H3_AP202103311479285069_1.pdf
529,600519,贵州茅台,收入利润稳健增长 全年目标顺利完成,买入,华金证券,18,,,,,,,白酒Ⅱ,2021-03-31,https://pdf.dfcfw.com/pdf/H3_AP202103311479244816_1.pdf
530,600519,贵州茅台,渠道改善+非标占比提升，推动业绩稳健增长,买入,西南证券,18,,,,,,,白酒Ⅱ,2021-03-31,https://pdf.dfcfw.com/pdf/H3_AP202103311479244805_1.pdf
531,600519,贵州茅台,2020年年报点评：“十三五”稳健收官，“十四五”远大目标可期,买入,民生证券,18,,,,,,,白酒Ⅱ,2021-03-31,https://pdf.dfcfw.com/pdf/H3_AP202103311479192512_1.pdf
532,600519,贵州茅台,均价上升驱动为主，十四五仍值得期待,买入,华安证券,18,,,,,,,白酒Ⅱ,2021-03-31,https://pdf.dfcfw.com/pdf/H3_AP202103311479174202_1.pdf
533,600519,贵州茅台,重大事件快评：供销两旺确保十四五开局，估值回落布局机会显现,买入,国信证券,18,,,,,,,白酒Ⅱ,2021-03-01,https://pdf.dfcfw.com/pdf/H3_AP202103011466711325_1.pdf
534,600519,贵州茅台,公司深度报告：复盘2020：质量为本，稳字当头,买入,信达证券,18,,,,,,,白酒Ⅱ,2021-01-28,https://pdf.dfcfw.com/pdf/H3_AP202101281455139594_1.pdf
535,600519,贵州茅台,加大拆箱促开瓶消费，十四五成长确定性高，值得长期坚守,买入,中银证券,18,,,,,,,白酒Ⅱ,2021-01-18,https://pdf.dfcfw.com/pdf/H3_AP202101181451804626_1.pdf
536,600519,贵州茅台,2020年度生产经营情况点评：全年增长稳健，十四五目标确保稳定增长,增持,川财证券,18,,,,,,,白酒Ⅱ,2021-01-06,https://pdf.dfcfw.com/pdf/H3_AP202101061447784096_1.pdf
537,600519,贵州茅台,贵州茅台经营数据点评：收入达成目标，十三五完美收官,买入,太平洋,18,,,,,,,白酒Ⅱ,2021-01-05,https://pdf.dfcfw.com/pdf/H3_AP202101051447385555_1.pdf
538,600519,贵州茅台,“十三五”稳健收官，新一年行稳致远,持有,群益证券,18,,,,,,,白酒Ⅱ,2021-01-05,https://pdf.dfcfw.com/pdf/H3_AP202101051447347087_1.pdf
539,600519,贵州茅台,业绩预告略超我们预期，业务成长确定性仍最强,买入,华安证券,18,,,,,,,白酒Ⅱ,2021-01-04,https://pdf.dfcfw.com/pdf/H3_AP202101041446860355_1.pdf
540,600519,贵州茅台,2020年度生产经营情况点评：整体经营稳健，“十四五”行以致远,买入,民生证券,18,,,,,,,白酒Ⅱ,2021-01-04,https://pdf.dfcfw.com/pdf/H3_AP202101031446667714_1.pdf
541,600519,贵州茅台,再划转股份或超预期，十四五可展望年增双位数,买入,华安证券,18,,,,,,,白酒Ⅱ,2020-12-24,https://pdf.dfcfw.com/pdf/H3_AP202012241443445632_1.pdf
542,600519,贵州茅台,重大事件快评：十三五圆满收官，十四五开启高质量发展新征程,买入,国信证券,18,,,,,,,白酒Ⅱ,2020-12-22,https://pdf.dfcfw.com/pdf/H3_AP202012221442631792_1.pdf
543,600519,贵州茅台,事项点评报告：Q4直销放量渠道优化进行时，飞天批价仍坚挺,增持,万联证券,18,,,,,,,白酒Ⅱ,2020-11-30,https://pdf.dfcfw.com/pdf/H3_AP202011301434690578_1.pdf
544,600519,贵州茅台,贵州茅台三季报点评：主营业务稳健，直销比例同比提升,买入,太平洋,18,,,,,,,白酒Ⅱ,2020-10-29,https://pdf.dfcfw.com/pdf/H3_AP202010291424614577_1.pdf
545,600519,贵州茅台,直营渠道持续改善 稳步实现全年目标,买入,第一上海证券,18,,,,,,,白酒Ⅱ,2020-10-27,https://pdf.dfcfw.com/pdf/H3_AP202010271423970619_1.pdf
546,600519,贵州茅台,业绩低于预期，未来增长确定性高，值得长期坚守,买入,中银证券,18,,,,,,,白酒Ⅱ,2020-10-27,https://pdf.dfcfw.com/pdf/H3_AP202010271423967644_1.pdf
547,600519,贵州茅台,2020三季报点评：直营占比继续提升，全年双位数增长有望顺利达成,买入,国信证券,18,,,,,,,白酒Ⅱ,2020-10-27,https://pdf.dfcfw.com/pdf/H3_AP202010271423959276_1.pdf
548,600519,贵州茅台,季报点评报告：稳健发展为先，直营继续发力,增持,万联证券,18,,,,,,,白酒Ⅱ,2020-10-26,https://pdf.dfcfw.com/pdf/H3_AP202010261423731982_1.pdf
549,600519,贵州茅台,业绩平稳增长，直营占比继续提升,买入,山西证券,18,,,,,,,白酒Ⅱ,2020-10-26,https://pdf.dfcfw.com/pdf/H3_AP202010261423719955_1.pdf
550,600519,贵州茅台,前三季度净利润增11%，增长稳健,持有,群益证券,18,,,,,,,白酒Ⅱ,2020-10-26,https://pdf.dfcfw.com/pdf/H3_AP202010261423707286_1.pdf
551,600519,贵州茅台,业绩稳定增长，全年目标无虞,买入,国金证券,18,,,,,,,白酒Ⅱ,2020-10-26,https://pdf.dfcfw.com/pdf/H3_AP202010261423692255_1.pdf
552,600519,贵州茅台,收入利润稳健增长 全年目标达成可期,买入,华金证券,18,,,,,,,白酒Ⅱ,2020-10-26,https://pdf.dfcfw.com/pdf/H3_AP202010261423687292_1.pdf
553,600519,贵州茅台,渠道改革初见成效，直营占比持续提升,买入,西南证券,18,,,,,,,白酒Ⅱ,2020-10-26,https://pdf.dfcfw.com/pdf/H3_AP202010261423685688_1.pdf
554,600519,贵州茅台,2020年三季报点评：直营渠道持续放量，全年增长目标确定性高,增持,川财证券,18,,,,,,,白酒Ⅱ,2020-10-26,https://pdf.dfcfw.com/pdf/H3_AP202010261423662758_1.pdf
555,600519,贵州茅台,2020年三季报点评：直营支撑公司增长，全年任务稳步推进,买入,民生证券,18,,,,,,,白酒Ⅱ,2020-10-26,https://pdf.dfcfw.com/pdf/H3_AP202010261423643256_1.pdf
556,600519,贵州茅台,十三五有望平稳收官，十四五仍值得期待,买入,华安证券,18,,,,,,,白酒Ⅱ,2020-10-26,https://pdf.dfcfw.com/pdf/H3_AP202010261423643213_1.pdf
557,600519,贵州茅台,Q3稳健，且看长远,买入,东吴证券,18,,,,,,,白酒Ⅱ,2020-10-26,https://pdf.dfcfw.com/pdf/H3_AP202010261423579991_1.pdf
558,600519,贵州茅台,公司信息更新报告：直营渠道高增长，茅台酒稳健发展,买入,开源证券,18,,,,,,,白酒Ⅱ,2020-10-26,https://pdf.dfcfw.com/pdf/H3_AP202010261423575965_1.pdf
559,600519,贵州茅台,直营占比继续提升，龙头业绩稳健增长,买入,东兴证券,18,,,,,,,白酒Ⅱ,2020-07-30,https://pdf.dfcfw.com/pdf/H3_AP202007301395319615_1.pdf
560,600519,贵州茅台,改革深化，行稳致远,买入,新时代证券,18,,,,,,,白酒Ⅱ,2020-07-30,https://pdf.dfcfw.com/pdf/H3_AP202007301395244149_1.pdf
561,600519,贵州茅台,半年报点评报告：直营加速放量，全年目标底气十足,增持,万联证券,18,,,,,,,酿酒行业,2020-07-29,https://pdf.dfcfw.com/pdf/H3_AP202007291395101381_1.pdf
562,600519,贵州茅台,2020年中报点评：直营渠道持续放量，全年10%增长确定性高,增持,川财证券,18,,,,,,,酿酒行业,2020-07-29,https://pdf.dfcfw.com/pdf/H3_AP202007291395100566_1.pdf
563,600519,贵州茅台,时间过半任务过半，核心资产稳健前行,买入,东吴证券,18,,,,,,,酿酒行业,2020-07-29,https://pdf.dfcfw.com/pdf/H3_AP202007291395079376_1.pdf
564,600519,贵州茅台,业绩稳健增长，直营渠道加速落地,买入,山西证券,18,,,,,,,酿酒行业,2020-07-29,https://pdf.dfcfw.com/pdf/H3_AP202007291395072682_1.pdf
565,600519,贵州茅台,2020年半年点评：任务过半目标如期完成，直营渠道放量显著提速,买入,民生证券,18,,,,,,,酿酒行业,2020-07-29,https://pdf.dfcfw.com/pdf/H3_AP202007291395064058_1.pdf
566,600519,贵州茅台,业绩稳健增长，未来确定性高,买入,中银证券,18,,,,,,,酿酒行业,2020-07-29,https://pdf.dfcfw.com/pdf/H3_AP202007291395049936_1.pdf
567,600519,贵州茅台,收入利润稳健增长 持续彰显龙头风范,买入,华金证券,18,,,,,,,酿酒行业,2020-07-29,https://pdf.dfcfw.com/pdf/H3_AP202007291395034248_1.pdf
568,600519,贵州茅台,中报符合预期，唯需紧密关注供给,买入,华安证券,18,,,,,,,酿酒行业,2020-07-29,https://pdf.dfcfw.com/pdf/H3_AP202007291395010144_1.pdf
569,600519,贵州茅台,贵州茅台中报点评：短期减速不改长期逻辑，报表质量明显回升,买入,太平洋,18,,,,,,,酿酒行业,2020-07-29,https://pdf.dfcfw.com/pdf/H3_AP202007291395003008_1.pdf
570,600519,贵州茅台,行稳致远，直营占比持续提升,买入,西南证券,18,,,,,,,酿酒行业,2020-07-29,https://pdf.dfcfw.com/pdf/H3_AP202007291394998563_1.pdf
571,600519,贵州茅台,产能释放新周期，量价齐升仍可期,买入,华安证券,18,,,,,,,白酒Ⅱ,2020-07-28,https://pdf.dfcfw.com/pdf/H3_AP202007281394684919_1.pdf
572,600519,贵州茅台,酱香龙头扬帆起航，20Q1稳健增长,买入,国金证券,18,,,,,,,白酒Ⅱ,2020-04-30,https://pdf.dfcfw.com/pdf/H3_AP202004301379098121_1.pdf
573,600519,贵州茅台,季报点评报告：Q1如期开门红，龙头表率为板块注入强心针,增持,万联证券,18,,,,,,,白酒Ⅱ,2020-04-29,https://pdf.dfcfw.com/pdf/H3_AP202004291378974109_1.pdf
574,600519,贵州茅台,渠道吸纳能力强，业绩如期实现双位数增长,买入,中银证券,18,,,,,,,白酒Ⅱ,2020-04-29,https://pdf.dfcfw.com/pdf/H3_AP202004291378964688_1.pdf
575,600519,贵州茅台,压力下显成色，向确定性要溢价,买入,东吴证券,18,,,,,,,白酒Ⅱ,2020-04-28,https://pdf.dfcfw.com/pdf/H3_AP202004281378862313_1.pdf
576,600519,贵州茅台,业绩稳健增长，全年无忧,买入,西南证券,18,,,,,,,白酒Ⅱ,2020-04-28,https://pdf.dfcfw.com/pdf/H3_AP202004281378850031_1.pdf
577,600519,贵州茅台,收入利润均超预期 疫情下凸显龙头确定性,买入,第一上海证券,18,,,,,,,白酒Ⅱ,2020-04-28,https://pdf.dfcfw.com/pdf/H3_AP202004281378849481_1.pdf
578,600519,贵州茅台,公司信息更新报告：一季报迎来开门红，2020年业绩确定性强,买入,开源证券,18,,,,,,,白酒Ⅱ,2020-04-28,https://pdf.dfcfw.com/pdf/H3_AP202004281378840371_1.pdf
579,600519,贵州茅台,起锚“后千亿”开局良好，直营贡献率提升,买入,新时代证券,18,,,,,,,白酒Ⅱ,2020-04-28,https://pdf.dfcfw.com/pdf/H3_AP202004281378838878_1.pdf
580,600519,贵州茅台,贵州茅台一季报点评：业绩略超预期，龙头抗风险能力凸显,买入,太平洋,18,,,,,,,白酒Ⅱ,2020-04-28,https://pdf.dfcfw.com/pdf/H3_AP202004281378835815_1.pdf
581,600519,贵州茅台,2020年一季报点评：20Q1业绩稳健增长，全年业绩确定性仍冠绝行业,买入,民生证券,18,,,,,,,白酒Ⅱ,2020-04-28,https://pdf.dfcfw.com/pdf/H3_AP202004281378830420_1.pdf
582,600519,贵州茅台,2020年一季报点评：渠道改革效果明显，一季报业绩稳健,增持,川财证券,18,,,,,,,白酒Ⅱ,2020-04-28,https://pdf.dfcfw.com/pdf/H3_AP202004281378829109_1.pdf
583,600519,贵州茅台,股价再创新高，2020年业绩确定性强,增持,川财证券,18,,,,,,,白酒Ⅱ,2020-04-24,https://pdf.dfcfw.com/pdf/H3_AP202004231378528832_1.pdf
584,600519,贵州茅台,年报点评报告：2019顺利收官略超指引，后千亿时代发展可期,增持,万联证券,18,,,,,,,白酒Ⅱ,2020-04-23,https://pdf.dfcfw.com/pdf/H3_AP202004231378486039_1.pdf
585,600519,贵州茅台,"2019 results largely in line, resilient growth ahead",买入,高盛高华证券,18,,,,,,,白酒Ⅱ,2020-04-23,https://pdf.dfcfw.com/pdf/H3_AP202004231378463679_1.pdf
586,600519,贵州茅台,19年完美收官，业绩稳健增长,买入,山西证券,18,,,,,,,白酒Ⅱ,2020-04-23,https://pdf.dfcfw.com/pdf/H3_AP202004231378451461_1.pdf
587,600519,贵州茅台,19年顺利收官，20年拥抱确定性,买入,国金证券,18,,,,,,,白酒Ⅱ,2020-04-23,https://pdf.dfcfw.com/pdf/H3_AP202004231378451443_1.pdf
588,600519,贵州茅台,公司信息更新报告：直营如期提速，业绩增长稳健,买入,开源证券,18,,,,,,,白酒Ⅱ,2020-04-22,https://pdf.dfcfw.com/pdf/H3_AP202004221378392899_1.pdf
589,600519,贵州茅台,量价齐升，带动业绩稳健增长,买入,西南证券,18,,,,,,,白酒Ⅱ,2020-04-22,https://pdf.dfcfw.com/pdf/H3_AP202004221378390950_1.pdf
590,600519,贵州茅台,贵州茅台年报：净利润略超预期，继续维持健康增长,买入,太平洋,18,,,,,,,白酒Ⅱ,2020-04-22,https://pdf.dfcfw.com/pdf/H3_AP202004221378387521_1.pdf
591,600519,贵州茅台,2019年报点评：2019年实现稳健增长，2020年确定性仍冠绝行业,买入,民生证券,18,,,,,,,白酒Ⅱ,2020-04-22,https://pdf.dfcfw.com/pdf/H3_AP202004221378387517_1.pdf
592,600519,贵州茅台,而今迈步从头越，穿越周期看茅台,买入,东吴证券,18,,,,,,,白酒Ⅱ,2020-04-22,https://pdf.dfcfw.com/pdf/H3_AP202004221378387387_1.pdf
593,600519,贵州茅台,收入稳中有升，直销渠道改革推进,买入,华鑫证券,18,,,,,,,白酒Ⅱ,2020-04-22,https://pdf.dfcfw.com/pdf/H3_AP202004221378385430_1.pdf
594,600519,贵州茅台,2019稳健收官，2020值得期待,买入,中银证券,18,,,,,,,白酒Ⅱ,2020-04-22,https://pdf.dfcfw.com/pdf/H3_AP202004221378382944_1.pdf
595,600519,贵州茅台,2019年报点评：贵州茅台业绩符合预期，全年10%收入目标不改,增持,川财证券,18,,,,,,,白酒Ⅱ,2020-04-22,https://pdf.dfcfw.com/pdf/H3_AP202004221378379103_1.pdf
596,600519,贵州茅台,公司信息更新报告：行业逐渐回暖，公司稳中求进,买入,开源证券,18,,,,,,,白酒Ⅱ,2020-04-02,https://pdf.dfcfw.com/pdf/H3_AP202004021377521038_1.pdf
597,600519,贵州茅台,公司首次覆盖报告：量价空间充足，增长确定性强,买入,开源证券,18,,,,,,,白酒Ⅱ,2020-03-19,https://pdf.dfcfw.com/pdf/H3_AP202003191376662101_1.pdf
598,600519,贵州茅台,贵州茅台：新老交棒，后千亿时代延续上升周期,买入,太平洋,18,,,,,,,白酒Ⅱ,2020-03-06,https://pdf.dfcfw.com/pdf/H3_AP202003061375943951_1.pdf
599,600519,贵州茅台,事件点评：公司人事发生变动，“后千亿”时代可期,增持,川财证券,18,,,,,,,白酒Ⅱ,2020-03-05,https://pdf.dfcfw.com/pdf/H3_AP202003051375874693_1.pdf
600,600519,贵州茅台,行稳方致远，质地享溢价,买入,东吴证券,18,,,,,,,白酒Ⅱ,2020-03-02,https://pdf.dfcfw.com/pdf/H3_AP202003021375719586_1.pdf
601,600519,贵州茅台,首次覆盖报告：行稳致远，工匠精神打造液体金字塔,增持,万联证券,18,,,,,,,白酒Ⅱ,2020-02-25,https://pdf.dfcfw.com/pdf/H3_AP202002251375453012_1.pdf
602,600519,贵州茅台,业绩略低于预期，稳基础，期待后千亿时代,买入,西南证券,18,,,,,,,白酒Ⅱ,2020-01-06,https://pdf.dfcfw.com/pdf/H3_AP202001061373602723_1.pdf
603,600519,贵州茅台,2019年低于预期，2020年稳字当头，提价可能性仍然存在,买入,中银国际,18,,,,,,,白酒Ⅱ,2020-01-05,https://pdf.dfcfw.com/pdf/H3_AP202001051373518059_1.pdf
604,600519,贵州茅台,重视稳健发展，后千亿时代增长动力足,买入,华金证券,18,,,,,,,白酒Ⅱ,2020-01-03,https://pdf.dfcfw.com/pdf/H3_AP202001031373441558_1.pdf
605,600519,贵州茅台,贵州茅台：销量计划超预期，无需担忧季度波动,买入,太平洋,18,,,,,,,白酒Ⅱ,2020-01-03,https://pdf.dfcfw.com/pdf/H3_AP202001031373441541_1.pdf
606,600519,贵州茅台,基础建设年，稳中求进取,买入,东吴证券,18,,,,,,,白酒Ⅱ,2020-01-03,https://pdf.dfcfw.com/pdf/H3_AP202001031373440117_1.pdf
607,600519,贵州茅台,事件点评：贵州茅台利润增速不及预期，2020年将以稳为主线,增持,川财证券,18,,,,,,,白酒Ⅱ,2020-01-02,https://pdf.dfcfw.com/pdf/H3_AP202001021373398425_1.pdf
608,600519,贵州茅台,强基固本“后千亿”，2020规划量超市场预期,买入,新时代证券,18,,,,,,,白酒Ⅱ,2019-12-30,https://pdf.dfcfw.com/pdf/H3_AP201912301372985513_1.pdf
609,600519,贵州茅台,事件点评：贵州茅台明年计划量3.45万吨，自营规模将大幅提升,增持,川财证券,18,,,,,,,白酒Ⅱ,2019-12-27,https://pdf.dfcfw.com/pdf/H3_AP201912271372774726_1.pdf
610,600519,贵州茅台,贵州茅台：茅台股权划转，助力政府融资发展,买入,太平洋,18,,,,,,,白酒Ⅱ,2019-12-26,https://pdf.dfcfw.com/pdf/H3_AP201912261372629453_1.pdf
611,600519,贵州茅台,Direct sales continue to increase,增持,中国银河国际证券,18,,,,,,,白酒Ⅱ,2019-10-18,https://pdf.dfcfw.com/pdf/H3_AP201910181369148482_1.pdf
612,600519,贵州茅台,2019年三季报点评：业绩短期不及预期，确认节奏保守是主因,买入,民生证券,18,,,,,,,白酒Ⅱ,2019-10-16,https://pdf.dfcfw.com/pdf/H3_AP201910161368935129_1.pdf
613,600519,贵州茅台,贵州茅台2019Q3财报点评：渠道改革任重道远，价格管控能力凸显,买入,东兴证券,18,,,,,,,白酒Ⅱ,2019-10-16,https://pdf.dfcfw.com/pdf/H3_AP201910161368918284_1.pdf
614,600519,贵州茅台,直营比例已现拐点，期待持续提升,买入,西南证券,18,,,,,,,白酒Ⅱ,2019-10-16,https://pdf.dfcfw.com/pdf/H3_AP201910161368911992_1.pdf
615,600519,贵州茅台,经营稳步向前，直销陆续放量,买入,华金证券,18,,,,,,,白酒Ⅱ,2019-10-16,https://pdf.dfcfw.com/pdf/H3_AP201910161368891104_1.pdf
616,600519,贵州茅台,体系调整时，稳增长可期,买入,东吴证券,18,,,,,,,白酒Ⅱ,2019-10-16,https://pdf.dfcfw.com/pdf/H3_AP201910161368885150_1.pdf
617,600519,贵州茅台,营收稳健增长，未来一年存在提价的可能性,买入,中银国际,18,,,,,,,白酒Ⅱ,2019-10-16,https://pdf.dfcfw.com/pdf/H3_AP201910161368871633_1.pdf
618,600519,贵州茅台,2019年三季报点评：Q3增速同比有所提升,买入,东莞证券,18,,,,,,,白酒Ⅱ,2019-10-16,https://pdf.dfcfw.com/pdf/H3_AP201910161368870927_1.pdf
619,600519,贵州茅台,贵州茅台三季报点评：多措并举，批价理性回归，发货节奏拖累季度业绩略低预期,买入,新时代证券,18,,,,,,,白酒Ⅱ,2019-10-16,https://pdf.dfcfw.com/pdf/H3_AP201910161368868867_1.pdf
620,600519,贵州茅台,贵州茅台：明年股价空间取决于未来酒价涨幅,买入,太平洋,18,,,,,,,白酒Ⅱ,2019-10-16,https://pdf.dfcfw.com/pdf/H3_AP201910161368867512_1.pdf
621,600519,贵州茅台,业绩略低预期，需求依旧强劲,买入,国金证券,18,,,,,,,白酒Ⅱ,2019-10-16,https://pdf.dfcfw.com/pdf/H3_AP201910161368856303_1.pdf
622,600519,贵州茅台,2019年三季报点评：直营逐步落地，全年14%的收入增长目标可期,增持,川财证券,18,,,,,,,白酒Ⅱ,2019-10-16,https://pdf.dfcfw.com/pdf/H3_AP201910151368805648_1.pdf
623,600519,贵州茅台,贵州茅台：集团销售方案好于预期，旺季放量业绩可期,买入,太平洋,18,,,,,,,白酒Ⅱ,2019-08-14,https://pdf.dfcfw.com/pdf/H3_AP201908141343638023_1.pdf
624,600519,贵州茅台,茅台集团营销方案落地，期待旺季放量加快,买入,华金证券,18,,,,,,,白酒Ⅱ,2019-08-12,https://pdf.dfcfw.com/pdf/H3_AP201908121343010394_1.pdf
625,600519,贵州茅台,贵州茅台事件点评：关联交易合理解决，旺季放量有望带动板块小高潮,买入,东兴证券,18,,,,,,,白酒Ⅱ,2019-08-12,https://pdf.dfcfw.com/pdf/H3_AP201908121343004477_1.pdf
626,600519,贵州茅台,关联交易计划好于市场预期，3季度有望快速增长,买入,中银国际,18,,,,,,,白酒Ⅱ,2019-08-12,https://pdf.dfcfw.com/pdf/H3_AP201908121342939900_1.pdf
627,600519,贵州茅台,事件点评：贵州茅台关联交易金额符合预期，多措并举控价,增持,川财证券,18,,,,,,,白酒Ⅱ,2019-08-12,https://pdf.dfcfw.com/pdf/H3_AP201908121342919170_1.pdf
628,600519,贵州茅台,贵州茅台中报分析：报表销量或超预期，吨价和预收款合理，净利率提升,买入,太平洋,18,,,,,,,白酒Ⅱ,2019-07-22,https://pdf.dfcfw.com/pdf/H3_AP201907221340532513_1.pdf
629,600519,贵州茅台,存在成长空间，增速虽有下行，不必过分担心,增持,中邮证券,18,,,,,,,白酒Ⅱ,2019-07-19,https://pdf.dfcfw.com/pdf/H3_AP201907191339843322_1.pdf
630,600519,贵州茅台,贵州茅台中报点评：Q2业绩增速放缓，全年有望回升,,莫尼塔投资,18,,,,,,,白酒Ⅱ,2019-07-19,https://pdf.dfcfw.com/pdf/H3_AP201907191339740048_1.pdf
631,600519,贵州茅台,批价坚挺，下半年直营有望落地,买入,群益证券,18,,,,,,,白酒Ⅱ,2019-07-18,https://pdf.dfcfw.com/pdf/H3_AP201907181339555672_1.pdf
632,600519,贵州茅台,贵州茅台2019年中报点评：中报业绩符合预期，下半年直营有望放量,买入,东兴证券,18,,,,,,,白酒Ⅱ,2019-07-18,https://pdf.dfcfw.com/pdf/H3_AP201907181339523720_1.pdf
633,600519,贵州茅台,巨人再迈大步，完成全年目标决心坚定,买入,华金证券,18,,,,,,,白酒Ⅱ,2019-07-18,https://pdf.dfcfw.com/pdf/H3_AP201907181339510664_1.pdf
634,600519,贵州茅台,需求支撑批价，全年业绩增长确定性高,买入,新时代证券,18,,,,,,,白酒Ⅱ,2019-07-18,https://pdf.dfcfw.com/pdf/H3_AP201907181339503647_1.pdf
635,600519,贵州茅台,2019年中报点评：持续调整经销商渠道 盈利能力持续提升,,东莞证券,18,,,,,,,白酒Ⅱ,2019-07-18,https://pdf.dfcfw.com/pdf/H3_AP201907181339500364_1.pdf
636,600519,贵州茅台,业绩略低于预期，盈利能力提升明显,买入,西南证券,18,,,,,,,白酒Ⅱ,2019-07-18,https://pdf.dfcfw.com/pdf/H3_AP201907181339469259_1.pdf
637,600519,贵州茅台,2019年半年报点评：业绩低于预期，三季度放量是大概率事件,买入,民生证券,18,,,,,,,白酒Ⅱ,2019-07-18,https://pdf.dfcfw.com/pdf/H3_AP201907181339451216_1.pdf
638,600519,贵州茅台,Q2高基数稳增长，静待营销体制变革落地,买入,东吴证券,18,,,,,,,白酒Ⅱ,2019-07-18,https://pdf.dfcfw.com/pdf/H3_AP201907181339450885_1.pdf
639,600519,贵州茅台,2019年中报点评：静待直营落地，全年增长无忧,增持,川财证券,18,,,,,,,白酒Ⅱ,2019-07-18,https://pdf.dfcfw.com/pdf/H3_AP201907181339449560_1.pdf
640,600519,贵州茅台,营收增速放缓并非终端需求变化,买入,中银国际,18,,,,,,,白酒Ⅱ,2019-07-18,https://pdf.dfcfw.com/pdf/H3_AP201907181339447763_1.pdf
641,600519,贵州茅台,收入表现波澜不惊，酝酿下一轮超预期表现,买入,国金证券,18,,,,,,,白酒Ⅱ,2019-07-18,https://pdf.dfcfw.com/pdf/H3_AP201907181339436779_1.pdf
642,600519,贵州茅台,事件点评：中报增速同比有所回落,买入,东莞证券,18,,,,,,,白酒Ⅱ,2019-07-15,https://pdf.dfcfw.com/pdf/H3_AP201907151338673231_1.pdf
643,600519,贵州茅台,贵州茅台业绩预告点评：收入利润符合预期，平均吨价提升明显,买入,太平洋,18,,,,,,,白酒Ⅱ,2019-07-15,https://pdf.dfcfw.com/pdf/H3_AP201907151338660239_1.pdf
644,600519,贵州茅台,看好Q3报表端表现，全年业绩增长无需担忧,买入,国金证券,18,,,,,,,白酒Ⅱ,2019-07-15,https://pdf.dfcfw.com/pdf/H3_AP201907151338658586_1.pdf
645,600519,贵州茅台,2019年上半年经营数据点评：上半年业绩符合全年指引，静待直营放量,增持,川财证券,18,,,,,,,白酒Ⅱ,2019-07-14,https://pdf.dfcfw.com/pdf/H3_AP201907141338639428_1.pdf
646,600519,贵州茅台,业绩略低于预期，供需依然偏紧,买入,西南证券,18,,,,,,,白酒Ⅱ,2019-07-14,https://pdf.dfcfw.com/pdf/H3_AP201907141338635662_1.pdf
647,600519,贵州茅台,中秋价格有望坚挺，持续增长给予估值溢价,买入,东兴证券,18,,,,,,,白酒Ⅱ,2019-07-09,https://pdf.dfcfw.com/pdf/H3_AP201907091338267215_1.pdf
648,600519,贵州茅台,贵州茅台：享受龙头溢价，提高目标价到1240元,买入,太平洋,18,,,,,,,白酒Ⅱ,2019-07-01,https://pdf.dfcfw.com/pdf/H3_AP201907011336942108_1.pdf
649,600519,贵州茅台,飞天茅台酒的合理价格应多少？,买入,太平洋,18,,,,,,,白酒Ⅱ,2019-06-20,https://pdf.dfcfw.com/pdf/H3_AP201906201335881621_1.pdf
650,600519,贵州茅台,贵州茅台简评：6月份中下旬放量，平均吨价提升明显,买入,太平洋,18,,,,,,,白酒Ⅱ,2019-06-13,https://pdf.dfcfw.com/pdf/H3_AP201906131334968021_1.pdf
651,600519,贵州茅台,强大品牌力及渠道控制力成就茅台,增持,川财证券,18,,,,,,,白酒Ⅱ,2019-05-20,https://pdf.dfcfw.com/pdf/H3_AP201905201331156053_1.pdf
652,600519,贵州茅台,业绩增速维持高位，渠道变革有望夯实定价基础,买入,新时代证券,18,,,,,,,白酒Ⅱ,2019-05-19,https://pdf.dfcfw.com/pdf/H3_AP201905191330983083_1.pdf
653,600519,贵州茅台,集团分食是短期扰动，北上资金决定短期走势,买入,太平洋,18,,,,,,,白酒Ⅱ,2019-05-10,https://pdf.dfcfw.com/pdf/H3_AP201905101328463196_1.pdf
654,600519,贵州茅台,开门红如期而至，后续关注直营比例提升,买入,群益证券,18,,,,,,,白酒Ⅱ,2019-05-09,https://pdf.dfcfw.com/pdf/H3_AP201905091328320037_1.pdf
655,600519,贵州茅台,2019Q1财报点评：一季度业绩超预期，渠道改革推动业绩快速提升,买入,东兴证券,18,,,,,,,白酒Ⅱ,2019-04-30,https://pdf.dfcfw.com/pdf/H3_AP201904301324680331_1.pdf
656,600519,贵州茅台,一季报点评：一季度再超预期，产品升级是主因,买入,太平洋,18,,,,,,,白酒Ⅱ,2019-04-26,https://pdf.dfcfw.com/pdf/H3_AP201904261322980180_1.pdf
657,600519,贵州茅台,真实需求强劲，未来两年将惊喜不断，继续强烈推荐,买入,中银国际,18,,,,,,,白酒Ⅱ,2019-04-26,https://pdf.dfcfw.com/pdf/H3_AP201904261322932699_1.pdf
658,600519,贵州茅台,2019年一季报点评：业绩高速增长，预收款回落明显,买入,西南证券,18,,,,,,,白酒Ⅱ,2019-04-26,https://pdf.dfcfw.com/pdf/H3_AP201904261322929313_1.pdf
659,600519,贵州茅台,2019年一季报点评：Q1业绩略超预期，Q2直营渠道有望顺利放量,买入,民生证券,18,,,,,,,白酒Ⅱ,2019-04-25,https://pdf.dfcfw.com/pdf/H3_AP201904251322475820_1.pdf
660,600519,贵州茅台,一季度实现开门红，直销+非标提升助力全年目标达成,,国金证券,18,,,,,,,白酒Ⅱ,2019-04-25,https://pdf.dfcfw.com/pdf/H3_AP201904251322464083_1.pdf
661,600519,贵州茅台,【联讯食饮】贵州茅台：收入利润高增长，直销比例有待提高,增持,联讯证券,18,,,,,,,白酒Ⅱ,2019-04-25,https://pdf.dfcfw.com/pdf/H3_AP201904251322379453_1.pdf
662,600519,贵州茅台,如期迎来开门红，直营落地意在深远,买入,东吴证券,18,,,,,,,白酒Ⅱ,2019-04-25,https://pdf.dfcfw.com/pdf/H3_AP201904251322359457_1.pdf
663,600519,贵州茅台,2019Q1业绩预告点评：一季度超预期，价格快速攀升需防范,买入,东兴证券,18,,,,,,,白酒Ⅱ,2019-04-09,https://pdf.dfcfw.com/pdf/H3_AP201904091317167579_1.pdf
664,600519,贵州茅台,贵州茅台：一季报数据超预期，维持目标价1030元,买入,太平洋,18,,,,,,,白酒Ⅱ,2019-04-08,https://pdf.dfcfw.com/pdf/H3_AP201904081316944119_1.pdf
665,600519,贵州茅台,事件点评：一季度业绩超预期,买入,东莞证券,18,,,,,,,白酒Ⅱ,2019-04-08,https://pdf.dfcfw.com/pdf/H3_AP201904081316767646_1.pdf
666,600519,贵州茅台,需求强劲，业绩释放动力足，未来2年有望持续超预期,买入,中银国际,18,,,,,,,白酒Ⅱ,2019-04-08,https://pdf.dfcfw.com/pdf/H3_AP201904081316631948_1.pdf
667,600519,贵州茅台,4Q超预期，期待渠道改革成效,增持,群益证券,18,,,,,,,白酒Ⅱ,2019-04-08,https://pdf.dfcfw.com/pdf/H3_AP201904081316628823_1.pdf
668,600519,贵州茅台,业绩超预期，未来看直营渠道布局,买入,华鑫证券,18,,,,,,,白酒Ⅱ,2019-04-03,https://pdf.dfcfw.com/pdf/H3_AP201904031314730581_1.pdf
669,600519,贵州茅台,价格话语权强化，扬帆千亿基础扎实,买入,新时代证券,18,,,,,,,白酒Ⅱ,2019-04-01,https://pdf.dfcfw.com/pdf/H3_AP201904011312405989_1.pdf
670,600519,贵州茅台,2018年年报点评：量价齐升带动收入高速增长，现金流大幅改善,买入,西南证券,18,,,,,,,白酒Ⅱ,2019-04-01,https://pdf.dfcfw.com/pdf/H3_AP201904011312239909_1.pdf
671,600519,贵州茅台,2018年报点评：稀缺性助力提价和结构再优化，茅台持续高增速,买入,东兴证券,18,,,,,,,白酒Ⅱ,2019-04-01,https://pdf.dfcfw.com/pdf/H3_AP201904011312238301_1.pdf
672,600519,贵州茅台,2018年年报点评：茅台酒确认量超预期推动全年业绩超预期,买入,民生证券,18,,,,,,,白酒Ⅱ,2019-03-31,https://pdf.dfcfw.com/pdf/H3_AP201903311312099389_1.pdf
673,600519,贵州茅台,年报点评：量价齐升再超预期，重新定义空间和风险,买入,太平洋,18,,,,,,,白酒Ⅱ,2019-03-29,https://pdf.dfcfw.com/pdf/H3_AP201903291311655785_1.pdf
674,600519,贵州茅台,【联讯食饮】：4Q重现高增速，需求旺盛确保全年目标实现,增持,联讯证券,18,,,,,,,白酒Ⅱ,2019-03-29,https://pdf.dfcfw.com/pdf/H3_AP201903291311496751_1.pdf
675,600519,贵州茅台,2018年年报点评：Q4增速有所回升,买入,东莞证券,18,,,,,,,白酒Ⅱ,2019-03-29,https://pdf.dfcfw.com/pdf/H3_AP201903291311489062_1.pdf
676,600519,贵州茅台,18年业绩超预期，19年有望明显高于14%的增长规划,买入,中银国际,18,,,,,,,白酒Ⅱ,2019-03-29,https://pdf.dfcfw.com/pdf/H3_AP201903291311489061_1.pdf
677,600519,贵州茅台,Q4业绩超预期，19年预计稳健增长,,国金证券,18,,,,,,,白酒Ⅱ,2019-03-29,https://pdf.dfcfw.com/pdf/H3_AP201903291311425823_1.pdf
678,600519,贵州茅台,Q4利润创新高，渠道变革助增长,买入,东吴证券,18,,,,,,,白酒Ⅱ,2019-03-29,https://pdf.dfcfw.com/pdf/H3_AP201903291311387027_1.pdf
679,600519,贵州茅台,冻结经销商数量和经销商配额；重申买入评级（位于强力买入名单）（摘要）,买入,高华证券,18,,,,,,,白酒Ⅱ,2019-01-24,https://pdf.dfcfw.com/pdf/H3_AP201901241288344352_1.pdf
680,600519,贵州茅台,业绩预告点评：18业绩稳着陆，19结构调整茅台蓄势待发,买入,东兴证券,18,,,,,,,白酒Ⅱ,2019-01-04,https://pdf.dfcfw.com/pdf/H3_AP201901041282247119_1.pdf
681,600519,贵州茅台,贵州茅台：吨价提升超预期，直营增加保障未来增长,买入,太平洋,18,,,,,,,白酒Ⅱ,2019-01-03,https://pdf.dfcfw.com/pdf/H3_AP201901031281751906_1.pdf
682,600519,贵州茅台,2018年业绩和2019年指引符合预期，结构性改革启动,买入,高华证券,18,,,,,,,白酒Ⅱ,2019-01-03,https://pdf.dfcfw.com/pdf/H3_AP201901031281748872_1.pdf
683,600519,贵州茅台,4Q18超预期只是开始，2019年内部整治有望持续带来惊喜,买入,中银国际,18,,,,,,,白酒Ⅱ,2019-01-03,https://pdf.dfcfw.com/pdf/H3_AP201901031281708604_1.pdf
684,600519,贵州茅台,4Q业绩亮眼，以待来年,增持,群益证券,18,,,,,,,白酒Ⅱ,2019-01-03,https://pdf.dfcfw.com/pdf/H3_AP201901031281695114_1.pdf
685,600519,贵州茅台,事件点评：投放量保持稳健 系列酒保持快增,买入,东莞证券,18,,,,,,,白酒Ⅱ,2019-01-02,https://pdf.dfcfw.com/pdf/H3_AP201901021281313809_1.pdf
686,600519,贵州茅台,18Q4重拾高增速，19年有望维持快速增长,买入,西南证券,18,,,,,,,白酒Ⅱ,2019-01-02,https://pdf.dfcfw.com/pdf/H3_AP201901021281313802_1.pdf
687,600519,贵州茅台,茅台酒成功的秘诀-塑品牌、重渠道、传工艺,增持,中邮证券,18,,,,,,,白酒Ⅱ,2018-12-25,https://pdf.dfcfw.com/pdf/H3_AP201812251279574549_1.pdf
688,600519,贵州茅台,三个关键问题—提价、内部整治、季度业绩,买入,中银国际,18,,,,,,,白酒Ⅱ,2018-12-07,https://pdf.dfcfw.com/pdf/H3_AP201812071263550821_1.pdf
689,600519,贵州茅台,3Q出货下降使业绩承压，卖方市场延续不改长期逻辑,买入,群益证券,18,,,,,,,白酒Ⅱ,2018-11-02,https://pdf.dfcfw.com/pdf/H3_AP201811021231905222_1.pdf
690,600519,贵州茅台,三季报点评：留余力，茅台全年增速换挡稳着陆,买入,东兴证券,18,,,,,,,白酒Ⅱ,2018-11-02,https://pdf.dfcfw.com/pdf/H3_AP201811021231159032_1.pdf
691,600519,贵州茅台,高基数是营收增速回落的主因，预计4季度将回升,买入,中银国际,18,,,,,,,白酒Ⅱ,2018-10-30,https://pdf.dfcfw.com/pdf/H3_AP201810301225673787_1.pdf
692,600519,贵州茅台,2018年三季报点评：Q3茅台酒微增 系列酒保持快增,增持,东莞证券,18,,,,,,,白酒Ⅱ,2018-10-29,https://pdf.dfcfw.com/pdf/H3_AP201810291224005983_1.pdf
693,600519,贵州茅台,三季报点评：单季放缓瑕不掩瑜，未来保持合理增长,增持,太平洋,18,,,,,,,白酒Ⅱ,2018-10-29,https://pdf.dfcfw.com/pdf/H3_AP201810291223812019_1.pdf
694,600519,贵州茅台,增速放缓，批价维持在高位,买入,西南证券,18,,,,,,,白酒Ⅱ,2018-10-29,https://pdf.dfcfw.com/pdf/H3_AP201810291223686097_1.pdf
695,600519,贵州茅台,短期增速放缓，长期供需紧张,买入,东吴证券,18,,,,,,,白酒Ⅱ,2018-10-29,https://pdf.dfcfw.com/pdf/H3_AP201810291223519481_1.pdf
696,600519,贵州茅台,Q3业绩低于预期，基数高和确认节奏放缓是主因,,国金证券,18,,,,,,,白酒Ⅱ,2018-10-29,https://pdf.dfcfw.com/pdf/H3_AP201810291223486880_1.pdf
697,600519,贵州茅台,【联讯食品饮料】贵州茅台：高基数致茅台酒收入增速回落，预收款环比增加需求稳健,增持,联讯证券,18,,,,,,,白酒Ⅱ,2018-10-29,https://pdf.dfcfw.com/pdf/H3_AP201810281223414630_1.pdf
698,600519,贵州茅台,白酒龙头增长稳定，毛利率高位可持续,增持,中邮证券,18,,,,,,,白酒Ⅱ,2018-08-14,https://pdf.dfcfw.com/pdf/H3_AP201808141178326898_1.pdf
699,600519,贵州茅台,上半年高增长收官，看好稳健经营能力,买入,群益证券,18,,,,,,,白酒Ⅱ,2018-08-09,https://pdf.dfcfw.com/pdf/H3_AP201808091176534120_1.pdf
700,600519,贵州茅台,半年报点评：持续稳定增长胜过一切，茅台确定性带动行业投资溢价,买入,东兴证券,18,,,,,,,白酒Ⅱ,2018-08-07,https://pdf.dfcfw.com/pdf/H3_AP201808071175519752_1.pdf
701,600519,贵州茅台,需求增长强劲，预收款下降源于打款政策变化,买入,中银国际,18,,,,,,,白酒Ⅱ,2018-08-03,https://pdf.dfcfw.com/pdf/H3_AP201808031174316437_1.pdf
702,600519,贵州茅台,全力冲刺千亿目标，预收款加速确认成为常态,买入,新时代证券,18,,,,,,,白酒Ⅱ,2018-08-03,https://pdf.dfcfw.com/pdf/H3_AP201808031174216183_1.pdf
703,600519,贵州茅台,贵州茅台2018中报点评：预收款下降是表象，增长和估值回归均衡,买入,太平洋,18,,,,,,,白酒Ⅱ,2018-08-03,https://pdf.dfcfw.com/pdf/H3_AP201808031174185359_1.pdf
704,600519,贵州茅台,【联讯食品饮料】贵州茅台： 2Q增长提速，系列酒收入占比提升,增持,联讯证券,18,,,,,,,白酒Ⅱ,2018-08-02,https://pdf.dfcfw.com/pdf/H3_AP201808021173651172_1.pdf
705,600519,贵州茅台,2Q18 results in line; reiterating Buy,买入,德意志银行,18,,,,,,,白酒Ⅱ,2018-08-02,https://pdf.dfcfw.com/pdf/H3_AP201808021173632157_1.pdf
706,600519,贵州茅台,茅台酒与系列酒同增，批价上行供需仍紧张,买入,西南证券,18,,,,,,,白酒Ⅱ,2018-08-02,https://pdf.dfcfw.com/pdf/H3_AP201808021173585641_1.pdf
707,600519,贵州茅台,中报符合预期，下半年留出量增空间,买入,东吴证券,18,,,,,,,白酒Ⅱ,2018-08-02,https://pdf.dfcfw.com/pdf/H3_AP201808021173572431_1.pdf
708,600519,贵州茅台,Q2收入超预期，维持战略首推,,国金证券,18,,,,,,,白酒Ⅱ,2018-08-02,https://pdf.dfcfw.com/pdf/H3_AP201808021173396547_1.pdf
709,600519,贵州茅台,Strong 2Q18 growth; reiterating Buy,买入,德意志银行,18,,,,,,,白酒Ⅱ,2018-07-18,https://pdf.dfcfw.com/pdf/H3_AP201807181167791858_1.pdf
710,600519,贵州茅台,上半年利润总额同比增40%，维持买入,买入,群益证券,18,,,,,,,白酒Ⅱ,2018-07-18,https://pdf.dfcfw.com/pdf/H3_AP201807181167703965_1.pdf
711,600519,贵州茅台,初步经营数据基本符合我们的预期,买入,高华证券,18,,,,,,,白酒Ⅱ,2018-07-18,https://pdf.dfcfw.com/pdf/H3_AP201807181167703670_1.pdf
712,600519,贵州茅台,“国酒”茅台，酒业龙头，行业晴雨表,买入,新时代证券,18,,,,,,,白酒Ⅱ,2018-07-17,https://pdf.dfcfw.com/pdf/H3_AP201807171167216038_1.pdf
713,600519,贵州茅台,事件点评：预计中报业绩保持快速增长 风险评级：中风险 预计中报业绩保持快速增长  ,买入,东莞证券,18,,,,,,,白酒Ⅱ,2018-07-16,https://pdf.dfcfw.com/pdf/H3_AP201807161166783168_1.pdf
714,600519,贵州茅台,2018年一季度财报点评：全年稳健增长确定性强,买入,东兴证券,18,,,,,,,白酒Ⅱ,2018-05-03,https://pdf.dfcfw.com/pdf/H3_AP201805031135995176_1.pdf
715,600519,贵州茅台,贵州茅台一季报点评：发货滞后影响增速，提价效应未充分显现,买入,太平洋,18,,,,,,,白酒Ⅱ,2018-05-02,https://pdf.dfcfw.com/pdf/H3_AP201805021134492099_1.pdf
716,600519,贵州茅台,基本符合预期，全年确定性不改,,国金证券,18,,,,,,,白酒Ⅱ,2018-05-02,https://pdf.dfcfw.com/pdf/H3_AP201805021134453774_1.pdf
717,600519,贵州茅台,业绩表现依旧稳健，理性看待预收款回落,买入,西南证券,18,,,,,,,白酒Ⅱ,2018-05-02,https://pdf.dfcfw.com/pdf/H3_AP201805021134453666_1.pdf
718,600519,贵州茅台,销售均价和利润率推动四季度业绩超预期；维持强力买入,买入,高华证券,18,,,,,,,白酒Ⅱ,2018-04-02,https://pdf.dfcfw.com/pdf/H3_AP201804021115415098_1.pdf
719,600519,贵州茅台,销量大增+管理改善推动业绩高增长,增持,国元证券,18,,,,,,,白酒Ⅱ,2018-04-02,https://pdf.dfcfw.com/pdf/H3_AP201804021115375437_1.pdf
720,600519,贵州茅台,17年业绩略超预期，18年有望开门红,增持,群益证券,18,,,,,,,白酒Ⅱ,2018-03-29,https://pdf.dfcfw.com/pdf/H3_AP201803291114081461_1.pdf
721,600519,贵州茅台,需求旺盛稳定放量，稳价迎来健康发展,买入,东吴证券,18,,,,,,,白酒Ⅱ,2018-03-28,https://pdf.dfcfw.com/pdf/H3_AP201803281112673249_1.pdf
722,600519,贵州茅台,17年业绩靓丽，18年继续向上,买入,西南证券,18,,,,,,,白酒Ⅱ,2018-03-28,https://pdf.dfcfw.com/pdf/H3_AP201803281112651114_1.pdf
723,600519,贵州茅台,无需担心预收款下降，18年高增长确定,买入,中银证券,18,,,,,,,白酒Ⅱ,2018-03-28,https://pdf.dfcfw.com/pdf/H3_AP201803281112641468_1.pdf
724,600519,贵州茅台,2017年年报点评：产量稳增长 销量大增拉动业绩略超预期,买入,东莞证券,18,,,,,,,白酒Ⅱ,2018-03-28,https://pdf.dfcfw.com/pdf/H3_AP201803281112614908_1.pdf
725,600519,贵州茅台,贵州茅台2017年报点评：业绩超预期，今年更可期,买入,太平洋,18,,,,,,,白酒Ⅱ,2018-03-28,https://pdf.dfcfw.com/pdf/H3_AP201803281112530335_1.pdf
726,600519,贵州茅台,17年业绩小幅超预期，18年确定性依旧,,国金证券,18,,,,,,,白酒Ⅱ,2018-03-28,https://pdf.dfcfw.com/pdf/H3_AP201803281112511893_1.pdf
727,600519,贵州茅台,17年完美收官，18年确定性依旧,,国金证券,18,,,,,,,白酒Ⅱ,2018-02-02,https://pdf.dfcfw.com/pdf/H3_AP201802021086134475_1.pdf
728,600519,贵州茅台,2017 net profit in line,买入,德意志银行,18,,,,,,,白酒Ⅱ,2018-02-01,https://pdf.dfcfw.com/pdf/H3_AP201802011085180693_1.pdf
729,600519,贵州茅台,事件点评：业绩超预期，茅台引领行业持续高增速,买入,东兴证券,18,,,,,,,白酒Ⅱ,2018-01-31,https://pdf.dfcfw.com/pdf/H3_AP201801311084649318_1.pdf
730,600519,贵州茅台,贵州茅台跟踪点评：净利润兑现高增长，坚定基本面信心,买入,太平洋,18,,,,,,,白酒Ⅱ,2018-01-31,https://pdf.dfcfw.com/pdf/H3_AP201801311084535132_1.pdf
731,600519,贵州茅台,Increasing risk of over supply in 2018,买入,德意志银行,18,,,,,,,白酒Ⅱ,2018-01-30,https://pdf.dfcfw.com/pdf/H3_AP201801301084031117_1.pdf
732,600519,贵州茅台,提价靴子落地，业绩有望保持高增长,买入,群益证券,18,,,,,,,白酒Ⅱ,2018-01-04,https://pdf.dfcfw.com/pdf/H3_AP201801041073550073_1.pdf
733,600519,贵州茅台,提价终落地，情理之中而又预期之外,买入,西南证券,18,,,,,,,白酒Ⅱ,2017-12-29,https://pdf.dfcfw.com/pdf/H3_AP201712291071252637_1.pdf
734,600519,贵州茅台,事件点评：2018年提价18%左右 业绩有望保持较快增长,买入,东莞证券,18,,,,,,,白酒Ⅱ,2017-12-29,https://pdf.dfcfw.com/pdf/H3_AP201712291071190621_1.pdf
735,600519,贵州茅台,贵州茅台提价点评：及时提价，提价幅度符合预期，18年目标价810元,买入,太平洋,18,,,,,,,白酒Ⅱ,2017-12-29,https://pdf.dfcfw.com/pdf/H3_AP201712291071161909_1.pdf
736,600519,贵州茅台,17年完美收官，提价开启18年征程,,国金证券,18,,,,,,,白酒Ⅱ,2017-12-28,https://pdf.dfcfw.com/pdf/H3_AP201712280012969253_1.pdf
737,600519,贵州茅台,系列酒收入超出预期，正成为重要的增长极,买入,高华证券,18,,,,,,,白酒Ⅱ,2017-12-22,https://pdf.dfcfw.com/pdf/H3_AP201712221069205172_1.pdf
738,600519,贵州茅台,产能扩张将推动长期增长,买入,高华证券,18,,,,,,,白酒Ⅱ,2017-12-08,https://pdf.dfcfw.com/pdf/H3_AP201712081064366265_1.pdf
739,600519,贵州茅台,How much Moutai is stored in channels now?,买入,德意志银行,18,,,,,,,白酒Ⅱ,2017-11-20,https://pdf.dfcfw.com/pdf/H3_AP201711201052733850_1.pdf
740,600519,贵州茅台,2017年三季报点评：利润增速超预期，预收款项环比微降,,民生证券,18,,,,,,,白酒Ⅱ,2017-11-19,https://pdf.dfcfw.com/pdf/H3_AP201711191051321020_1.pdf
741,600519,贵州茅台,新零售模式：借助云商平台重获控制权；强力买入（摘要）,买入,高华证券,18,,,,,,,白酒Ⅱ,2017-11-17,https://pdf.dfcfw.com/pdf/H3_AP201711171045945911_1.pdf
742,600519,贵州茅台,三季报点评：业绩超预期，大市值获支撑，维持660目标价,买入,太平洋,18,,,,,,,白酒Ⅱ,2017-10-30,https://pdf.dfcfw.com/pdf/H3_AP201710300990578244_1.pdf
743,600519,贵州茅台,【联讯食品饮料公司点评】贵州茅台：三季度发货量大增，业绩超预期,增持,联讯证券,18,,,,,,,白酒Ⅱ,2017-10-27,https://pdf.dfcfw.com/pdf/H3_AP201710270983312317_1.pdf
744,600519,贵州茅台,2017年前三季度净利润增长60%，龙头地位无可撼动,买入,群益证券,18,,,,,,,白酒Ⅱ,2017-10-27,https://pdf.dfcfw.com/pdf/H3_AP201710270983082631_1.pdf
745,600519,贵州茅台,旺季放量业绩大超预期，或带动消费龙头估值全面提升,买入,东吴证券,18,,,,,,,白酒Ⅱ,2017-10-27,https://pdf.dfcfw.com/pdf/H3_AP201710270983030397_1.pdf
746,600519,贵州茅台,需求强劲，基数偏低，业绩任性,,中银证券,18,,,,,,,白酒Ⅱ,2017-10-27,https://pdf.dfcfw.com/pdf/H3_AP201710270982928886_1.pdf
747,600519,贵州茅台,发货迅速、需求强劲推动业绩高于预期；买入（位于强力买入名单）,买入,高华证券,18,,,,,,,白酒Ⅱ,2017-10-27,https://pdf.dfcfw.com/pdf/H3_AP201710270982708804_1.pdf
748,600519,贵州茅台,Q3业绩大超市场预期，茅台展现王者雄风,买入,西南证券,18,,,,,,,白酒Ⅱ,2017-10-27,https://pdf.dfcfw.com/pdf/H3_AP201710270982409220_1.pdf
749,600519,贵州茅台,三季度财报点评：不断超预期,买入,东兴证券,18,,,,,,,白酒Ⅱ,2017-10-27,https://pdf.dfcfw.com/pdf/H3_AP201710270982409185_1.pdf
750,600519,贵州茅台,3Q17 result strong beat; reiterating Buy,买入,德意志银行,18,,,,,,,白酒Ⅱ,2017-10-27,https://pdf.dfcfw.com/pdf/H3_AP201710270981720782_1.pdf
751,600519,贵州茅台,意料之外、情理之中的超预期,,国金证券,18,,,,,,,白酒Ⅱ,2017-10-26,https://pdf.dfcfw.com/pdf/H3_AP201710260979466895_1.pdf
752,600519,贵州茅台,贵州茅台跟踪点评：量增价稳，三季报乐观，上调盈利预测和目标价至660,买入,太平洋,18,,,,,,,白酒Ⅱ,2017-10-16,https://pdf.dfcfw.com/pdf/H3_AP201710160955859188_1.pdf
753,600519,贵州茅台,贵州茅台跟踪点评：量增价稳，三季报乐观，上调盈利预测和目标价至660元,买入,太平洋,18,,,,,,,白酒Ⅱ,2017-10-13,https://pdf.dfcfw.com/pdf/H3_AP201907051337815098_1.pdf
754,600519,贵州茅台,消费旺季到来，需求持续向好,,民生证券,18,,,,,,,白酒Ⅱ,2017-10-12,https://pdf.dfcfw.com/pdf/H3_AP201710120947935207_1.pdf
755,600519,贵州茅台,3Q preview:strong sales growth withhigh visibility;reiterating Buy,买入,德意志银行,18,,,,,,,白酒Ⅱ,2017-10-06,https://pdf.dfcfw.com/pdf/H3_AP201711151039333969_1.pdf
756,600519,贵州茅台,Channel check feedback: fighting with channel stocking,买入,德意志银行,18,,,,,,,白酒Ⅱ,2017-09-25,https://pdf.dfcfw.com/pdf/H3_AP201709250910251522_1.pdf
757,600519,贵州茅台,Increasing ex-factory supply; sales growth to speed up in 3Q17,买入,德意志银行,18,,,,,,,白酒Ⅱ,2017-08-16,https://pdf.dfcfw.com/pdf/H3_AP201708160804017389_1.pdf
758,600519,贵州茅台,上半年无量业绩优异，下半年放量+低基数业绩加速增长,买入,东吴证券,18,,,,,,,白酒Ⅱ,2017-08-04,https://pdf.dfcfw.com/pdf/H3_AP201708040772986419_1.pdf
